file,line,type,commit,author,date,time,timezone,datetime,depth,length
style.css,1,css,3d5b84fa,Scotty-11,2026-04-11,23:34:22,-07:00,2026-04-11T23:34:22-07:00,0,67
style.css,2,css,3d5b84fa,Scotty-11,2026-04-11,23:34:22,-07:00,2026-04-11T23:34:22-07:00,0,0
style.css,3,css,3d5b84fa,Scotty-11,2026-04-11,23:34:22,-07:00,2026-04-11T23:34:22-07:00,0,5
style.css,4,css,3d5b84fa,Scotty-11,2026-04-11,23:34:22,-07:00,2026-04-11T23:34:22-07:00,1,31
style.css,5,css,3d5b84fa,Scotty-11,2026-04-11,23:34:22,-07:00,2026-04-11T23:34:22-07:00,0,0
style.css,6,css,3d5b84fa,Scotty-11,2026-04-11,23:34:22,-07:00,2026-04-11T23:34:22-07:00,0,0
style.css,7,css,3d5b84fa,Scotty-11,2026-04-11,23:34:22,-07:00,2026-04-11T23:34:22-07:00,0,4
style.css,8,css,3d5b84fa,Scotty-11,2026-04-11,23:34:22,-07:00,2026-04-11T23:34:22-07:00,1,32
style.css,9,css,70f0b48a,Scotty-11,2026-04-17,23:36:29,-07:00,2026-04-17T23:36:29-07:00,1,23
style.css,10,css,3d5b84fa,Scotty-11,2026-04-11,23:34:22,-07:00,2026-04-11T23:34:22-07:00,0,0
style.css,11,css,3d5b84fa,Scotty-11,2026-04-11,23:34:22,-07:00,2026-04-11T23:34:22-07:00,0,0
style.css,12,css,bddfb8ce,Scotty-11,2026-04-03,16:39:36,-07:00,2026-04-03T16:39:36-07:00,0,4
style.css,13,css,bddfb8ce,Scotty-11,2026-04-03,16:39:36,-07:00,2026-04-03T16:39:36-07:00,1,23
style.css,14,css,3d5b84fa,Scotty-11,2026-04-11,23:34:22,-07:00,2026-04-11T23:34:22-07:00,1,15
style.css,15,css,3d5b84fa,Scotty-11,2026-04-11,23:34:22,-07:00,2026-04-11T23:34:22-07:00,1,18
style.css,16,css,3d5b84fa,Scotty-11,2026-04-11,23:34:22,-07:00,2026-04-11T23:34:22-07:00,1,18
style.css,17,css,70f0b48a,Scotty-11,2026-04-17,23:36:29,-07:00,2026-04-17T23:36:29-07:00,1,17
style.css,18,css,3d5b84fa,Scotty-11,2026-04-11,23:34:22,-07:00,2026-04-11T23:34:22-07:00,0,0
style.css,19,css,3d5b84fa,Scotty-11,2026-04-11,23:34:22,-07:00,2026-04-11T23:34:22-07:00,0,0
style.css,20,css,ee5ede05,Scotty-11,2026-04-11,23:52:52,-07:00,2026-04-11T23:52:52-07:00,0,67
style.css,21,css,ee5ede05,Scotty-11,2026-04-11,23:52:52,-07:00,2026-04-11T23:52:52-07:00,0,0
style.css,22,css,ee5ede05,Scotty-11,2026-04-11,23:52:52,-07:00,2026-04-11T23:52:52-07:00,0,3
style.css,23,css,ee5ede05,Scotty-11,2026-04-11,23:52:52,-07:00,2026-04-11T23:52:52-07:00,1,13
style.css,24,css,e5744b7f,Scotty-11,2026-04-12,00:04:27,-07:00,2026-04-12T00:04:27-07:00,1,14
style.css,25,css,ee5ede05,Scotty-11,2026-04-11,23:52:52,-07:00,2026-04-11T23:52:52-07:00,1,18
style.css,26,css,ee5ede05,Scotty-11,2026-04-11,23:52:52,-07:00,2026-04-11T23:52:52-07:00,0,0
style.css,27,css,ee5ede05,Scotty-11,2026-04-11,23:52:52,-07:00,2026-04-11T23:52:52-07:00,0,0
style.css,28,css,e5744b7f,Scotty-11,2026-04-12,00:04:27,-07:00,2026-04-12T00:04:27-07:00,0,11
style.css,29,css,e5744b7f,Scotty-11,2026-04-12,00:04:27,-07:00,2026-04-12T00:04:27-07:00,1,13
style.css,30,css,e5744b7f,Scotty-11,2026-04-12,00:04:27,-07:00,2026-04-12T00:04:27-07:00,1,17
style.css,31,css,e5744b7f,Scotty-11,2026-04-12,00:04:27,-07:00,2026-04-12T00:04:27-07:00,0,0
style.css,32,css,e5744b7f,Scotty-11,2026-04-12,00:04:27,-07:00,2026-04-12T00:04:27-07:00,0,0
style.css,33,css,3d5b84fa,Scotty-11,2026-04-11,23:34:22,-07:00,2026-04-11T23:34:22-07:00,0,67
style.css,34,css,3d5b84fa,Scotty-11,2026-04-11,23:34:22,-07:00,2026-04-11T23:34:22-07:00,0,0
style.css,35,css,3d5b84fa,Scotty-11,2026-04-11,23:34:22,-07:00,2026-04-11T23:34:22-07:00,0,22
style.css,36,css,3d5b84fa,Scotty-11,2026-04-11,23:34:22,-07:00,2026-04-11T23:34:22-07:00,1,15
style.css,37,css,3d5b84fa,Scotty-11,2026-04-11,23:34:22,-07:00,2026-04-11T23:34:22-07:00,1,17
style.css,38,css,3d5b84fa,Scotty-11,2026-04-11,23:34:22,-07:00,2026-04-11T23:34:22-07:00,0,0
style.css,39,css,3d5b84fa,Scotty-11,2026-04-11,23:34:22,-07:00,2026-04-11T23:34:22-07:00,0,0
style.css,40,css,3d5b84fa,Scotty-11,2026-04-11,23:34:22,-07:00,2026-04-11T23:34:22-07:00,0,2
style.css,41,css,3d5b84fa,Scotty-11,2026-04-11,23:34:22,-07:00,2026-04-11T23:34:22-07:00,1,14
style.css,42,css,3d5b84fa,Scotty-11,2026-04-11,23:34:22,-07:00,2026-04-11T23:34:22-07:00,0,0
style.css,43,css,3d5b84fa,Scotty-11,2026-04-11,23:34:22,-07:00,2026-04-11T23:34:22-07:00,0,0
style.css,44,css,3d5b84fa,Scotty-11,2026-04-11,23:34:22,-07:00,2026-04-11T23:34:22-07:00,0,67
style.css,45,css,3d5b84fa,Scotty-11,2026-04-11,23:34:22,-07:00,2026-04-11T23:34:22-07:00,0,0
style.css,46,css,3d5b84fa,Scotty-11,2026-04-11,23:34:22,-07:00,2026-04-11T23:34:22-07:00,0,5
style.css,47,css,3d5b84fa,Scotty-11,2026-04-11,23:34:22,-07:00,2026-04-11T23:34:22-07:00,0,6
style.css,48,css,3d5b84fa,Scotty-11,2026-04-11,23:34:22,-07:00,2026-04-11T23:34:22-07:00,1,16
style.css,49,css,3d5b84fa,Scotty-11,2026-04-11,23:34:22,-07:00,2026-04-11T23:34:22-07:00,0,0
style.css,50,css,3d5b84fa,Scotty-11,2026-04-11,23:34:22,-07:00,2026-04-11T23:34:22-07:00,0,0
style.css,51,css,3d5b84fa,Scotty-11,2026-04-11,23:34:22,-07:00,2026-04-11T23:34:22-07:00,0,3
style.css,52,css,3d5b84fa,Scotty-11,2026-04-11,23:34:22,-07:00,2026-04-11T23:34:22-07:00,1,12
style.css,53,css,3d5b84fa,Scotty-11,2026-04-11,23:34:22,-07:00,2026-04-11T23:34:22-07:00,1,17
style.css,54,css,70f0b48a,Scotty-11,2026-04-17,23:36:29,-07:00,2026-04-17T23:36:29-07:00,1,39
style.css,55,css,70f0b48a,Scotty-11,2026-04-17,23:36:29,-07:00,2026-04-17T23:36:29-07:00,1,43
style.css,56,css,3d5b84fa,Scotty-11,2026-04-11,23:34:22,-07:00,2026-04-11T23:34:22-07:00,0,0
style.css,57,css,3d5b84fa,Scotty-11,2026-04-11,23:34:22,-07:00,2026-04-11T23:34:22-07:00,0,0
style.css,58,css,3d5b84fa,Scotty-11,2026-04-11,23:34:22,-07:00,2026-04-11T23:34:22-07:00,0,5
style.css,59,css,3d5b84fa,Scotty-11,2026-04-11,23:34:22,-07:00,2026-04-11T23:34:22-07:00,1,6
style.css,60,css,3d5b84fa,Scotty-11,2026-04-11,23:34:22,-07:00,2026-04-11T23:34:22-07:00,1,20
style.css,61,css,3d5b84fa,Scotty-11,2026-04-11,23:34:22,-07:00,2026-04-11T23:34:22-07:00,1,13
style.css,62,css,3d5b84fa,Scotty-11,2026-04-11,23:34:22,-07:00,2026-04-11T23:34:22-07:00,1,17
style.css,63,css,3d5b84fa,Scotty-11,2026-04-11,23:34:22,-07:00,2026-04-11T23:34:22-07:00,1,13
style.css,64,css,3d5b84fa,Scotty-11,2026-04-11,23:34:22,-07:00,2026-04-11T23:34:22-07:00,0,0
style.css,65,css,3d5b84fa,Scotty-11,2026-04-11,23:34:22,-07:00,2026-04-11T23:34:22-07:00,0,0
style.css,66,css,3d5b84fa,Scotty-11,2026-04-11,23:34:22,-07:00,2026-04-11T23:34:22-07:00,0,13
style.css,67,css,3d5b84fa,Scotty-11,2026-04-11,23:34:22,-07:00,2026-04-11T23:34:22-07:00,1,16
style.css,68,css,3d5b84fa,Scotty-11,2026-04-11,23:34:22,-07:00,2026-04-11T23:34:22-07:00,1,43
style.css,69,css,3d5b84fa,Scotty-11,2026-04-11,23:34:22,-07:00,2026-04-11T23:34:22-07:00,1,34
style.css,70,css,3d5b84fa,Scotty-11,2026-04-11,23:34:22,-07:00,2026-04-11T23:34:22-07:00,0,0
style.css,71,css,3d5b84fa,Scotty-11,2026-04-11,23:34:22,-07:00,2026-04-11T23:34:22-07:00,0,0
style.css,72,css,3d5b84fa,Scotty-11,2026-04-11,23:34:22,-07:00,2026-04-11T23:34:22-07:00,0,11
style.css,73,css,3d5b84fa,Scotty-11,2026-04-11,23:34:22,-07:00,2026-04-11T23:34:22-07:00,1,45
style.css,74,css,3d5b84fa,Scotty-11,2026-04-11,23:34:22,-07:00,2026-04-11T23:34:22-07:00,1,34
style.css,75,css,70f0b48a,Scotty-11,2026-04-17,23:36:29,-07:00,2026-04-17T23:36:29-07:00,1,69
style.css,76,css,70f0b48a,Scotty-11,2026-04-17,23:36:29,-07:00,2026-04-17T23:36:29-07:00,0,0
style.css,77,css,70f0b48a,Scotty-11,2026-04-17,23:36:29,-07:00,2026-04-17T23:36:29-07:00,0,0
style.css,78,css,70f0b48a,Scotty-11,2026-04-17,23:36:29,-07:00,2026-04-17T23:36:29-07:00,0,22
style.css,79,css,70f0b48a,Scotty-11,2026-04-17,23:36:29,-07:00,2026-04-17T23:36:29-07:00,0,13
style.css,80,css,0eae9c7d,Scotty-11,2026-04-24,23:47:17,-07:00,2026-04-24T23:47:17-07:00,1,16
style.css,81,css,70f0b48a,Scotty-11,2026-04-17,23:36:29,-07:00,2026-04-17T23:36:29-07:00,1,13
style.css,82,css,70f0b48a,Scotty-11,2026-04-17,23:36:29,-07:00,2026-04-17T23:36:29-07:00,1,19
style.css,83,css,0eae9c7d,Scotty-11,2026-04-24,23:47:17,-07:00,2026-04-24T23:47:17-07:00,1,17
style.css,84,css,70f0b48a,Scotty-11,2026-04-17,23:36:29,-07:00,2026-04-17T23:36:29-07:00,0,0
style.css,85,css,70f0b48a,Scotty-11,2026-04-17,23:36:29,-07:00,2026-04-17T23:36:29-07:00,0,0
style.css,86,css,70f0b48a,Scotty-11,2026-04-17,23:36:29,-07:00,2026-04-17T23:36:29-07:00,0,20
style.css,87,css,70f0b48a,Scotty-11,2026-04-17,23:36:29,-07:00,2026-04-17T23:36:29-07:00,1,19
style.css,88,css,70f0b48a,Scotty-11,2026-04-17,23:36:29,-07:00,2026-04-17T23:36:29-07:00,1,17
style.css,89,css,3d5b84fa,Scotty-11,2026-04-11,23:34:22,-07:00,2026-04-11T23:34:22-07:00,0,0
style.css,90,css,3d5b84fa,Scotty-11,2026-04-11,23:34:22,-07:00,2026-04-11T23:34:22-07:00,0,0
style.css,91,css,3d5b84fa,Scotty-11,2026-04-11,23:34:22,-07:00,2026-04-11T23:34:22-07:00,0,67
style.css,92,css,3d5b84fa,Scotty-11,2026-04-11,23:34:22,-07:00,2026-04-11T23:34:22-07:00,0,0
style.css,93,css,3d5b84fa,Scotty-11,2026-04-11,23:34:22,-07:00,2026-04-11T23:34:22-07:00,0,4
style.css,94,css,3d5b84fa,Scotty-11,2026-04-11,23:34:22,-07:00,2026-04-11T23:34:22-07:00,0,7
style.css,95,css,3d5b84fa,Scotty-11,2026-04-11,23:34:22,-07:00,2026-04-11T23:34:22-07:00,0,6
style.css,96,css,3d5b84fa,Scotty-11,2026-04-11,23:34:22,-07:00,2026-04-11T23:34:22-07:00,1,12
style.css,97,css,3d5b84fa,Scotty-11,2026-04-11,23:34:22,-07:00,2026-04-11T23:34:22-07:00,0,0
style.css,98,css,3d5b84fa,Scotty-11,2026-04-11,23:34:22,-07:00,2026-04-11T23:34:22-07:00,0,0
style.css,99,css,3d5b84fa,Scotty-11,2026-04-11,23:34:22,-07:00,2026-04-11T23:34:22-07:00,0,4
style.css,100,css,3d5b84fa,Scotty-11,2026-04-11,23:34:22,-07:00,2026-04-11T23:34:22-07:00,1,12
style.css,101,css,3d5b84fa,Scotty-11,2026-04-11,23:34:22,-07:00,2026-04-11T23:34:22-07:00,1,30
style.css,102,css,3d5b84fa,Scotty-11,2026-04-11,23:34:22,-07:00,2026-04-11T23:34:22-07:00,1,7
style.css,103,css,3d5b84fa,Scotty-11,2026-04-11,23:34:22,-07:00,2026-04-11T23:34:22-07:00,0,0
style.css,104,css,3d5b84fa,Scotty-11,2026-04-11,23:34:22,-07:00,2026-04-11T23:34:22-07:00,0,0
style.css,105,css,3d5b84fa,Scotty-11,2026-04-11,23:34:22,-07:00,2026-04-11T23:34:22-07:00,0,10
style.css,106,css,3d5b84fa,Scotty-11,2026-04-11,23:34:22,-07:00,2026-04-11T23:34:22-07:00,1,12
style.css,107,css,3d5b84fa,Scotty-11,2026-04-11,23:34:22,-07:00,2026-04-11T23:34:22-07:00,1,29
style.css,108,css,3d5b84fa,Scotty-11,2026-04-11,23:34:22,-07:00,2026-04-11T23:34:22-07:00,1,18
style.css,109,css,3d5b84fa,Scotty-11,2026-04-11,23:34:22,-07:00,2026-04-11T23:34:22-07:00,1,18
style.css,110,css,3d5b84fa,Scotty-11,2026-04-11,23:34:22,-07:00,2026-04-11T23:34:22-07:00,0,0
style.css,111,css,3d5b84fa,Scotty-11,2026-04-11,23:34:22,-07:00,2026-04-11T23:34:22-07:00,0,0
style.css,112,css,3d5b84fa,Scotty-11,2026-04-11,23:34:22,-07:00,2026-04-11T23:34:22-07:00,0,11
style.css,113,css,3d5b84fa,Scotty-11,2026-04-11,23:34:22,-07:00,2026-04-11T23:34:22-07:00,1,18
style.css,114,css,3d5b84fa,Scotty-11,2026-04-11,23:34:22,-07:00,2026-04-11T23:34:22-07:00,0,0
style.css,115,css,3d5b84fa,Scotty-11,2026-04-11,23:34:22,-07:00,2026-04-11T23:34:22-07:00,0,0
style.css,116,css,3d5b84fa,Scotty-11,2026-04-11,23:34:22,-07:00,2026-04-11T23:34:22-07:00,0,67
style.css,117,css,3d5b84fa,Scotty-11,2026-04-11,23:34:22,-07:00,2026-04-11T23:34:22-07:00,0,0
style.css,118,css,3d5b84fa,Scotty-11,2026-04-11,23:34:22,-07:00,2026-04-11T23:34:22-07:00,0,9
style.css,119,css,3d5b84fa,Scotty-11,2026-04-11,23:34:22,-07:00,2026-04-11T23:34:22-07:00,1,12
style.css,120,css,3d5b84fa,Scotty-11,2026-04-11,23:34:22,-07:00,2026-04-11T23:34:22-07:00,1,58
style.css,121,css,3d5b84fa,Scotty-11,2026-04-11,23:34:22,-07:00,2026-04-11T23:34:22-07:00,1,7
style.css,122,css,3d5b84fa,Scotty-11,2026-04-11,23:34:22,-07:00,2026-04-11T23:34:22-07:00,1,14
style.css,123,css,3d5b84fa,Scotty-11,2026-04-11,23:34:22,-07:00,2026-04-11T23:34:22-07:00,0,0
style.css,124,css,3d5b84fa,Scotty-11,2026-04-11,23:34:22,-07:00,2026-04-11T23:34:22-07:00,0,0
style.css,125,css,3d5b84fa,Scotty-11,2026-04-11,23:34:22,-07:00,2026-04-11T23:34:22-07:00,0,17
style.css,126,css,3d5b84fa,Scotty-11,2026-04-11,23:34:22,-07:00,2026-04-11T23:34:22-07:00,1,12
style.css,127,css,3d5b84fa,Scotty-11,2026-04-11,23:34:22,-07:00,2026-04-11T23:34:22-07:00,1,26
style.css,128,css,3d5b84fa,Scotty-11,2026-04-11,23:34:22,-07:00,2026-04-11T23:34:22-07:00,1,15
style.css,129,css,3d5b84fa,Scotty-11,2026-04-11,23:34:22,-07:00,2026-04-11T23:34:22-07:00,1,9
style.css,130,css,3d5b84fa,Scotty-11,2026-04-11,23:34:22,-07:00,2026-04-11T23:34:22-07:00,0,0
style.css,131,css,3d5b84fa,Scotty-11,2026-04-11,23:34:22,-07:00,2026-04-11T23:34:22-07:00,0,0
style.css,132,css,3d5b84fa,Scotty-11,2026-04-11,23:34:22,-07:00,2026-04-11T23:34:22-07:00,0,20
style.css,133,css,3d5b84fa,Scotty-11,2026-04-11,23:34:22,-07:00,2026-04-11T23:34:22-07:00,1,8
style.css,134,css,3d5b84fa,Scotty-11,2026-04-11,23:34:22,-07:00,2026-04-11T23:34:22-07:00,1,14
style.css,135,css,3d5b84fa,Scotty-11,2026-04-11,23:34:22,-07:00,2026-04-11T23:34:22-07:00,0,0
style.css,136,css,3d5b84fa,Scotty-11,2026-04-11,23:34:22,-07:00,2026-04-11T23:34:22-07:00,0,0
style.css,137,css,3d5b84fa,Scotty-11,2026-04-11,23:34:22,-07:00,2026-04-11T23:34:22-07:00,0,21
style.css,138,css,3d5b84fa,Scotty-11,2026-04-11,23:34:22,-07:00,2026-04-11T23:34:22-07:00,1,10
style.css,139,css,3d5b84fa,Scotty-11,2026-04-11,23:34:22,-07:00,2026-04-11T23:34:22-07:00,1,19
style.css,140,css,3d5b84fa,Scotty-11,2026-04-11,23:34:22,-07:00,2026-04-11T23:34:22-07:00,1,16
style.css,141,css,3d5b84fa,Scotty-11,2026-04-11,23:34:22,-07:00,2026-04-11T23:34:22-07:00,0,0
style.css,142,css,3d5b84fa,Scotty-11,2026-04-11,23:34:22,-07:00,2026-04-11T23:34:22-07:00,0,0
style.css,143,css,21cf56e9,Scotty-11,2026-05-01,23:31:18,-07:00,2026-05-01T23:31:18-07:00,0,67
style.css,144,css,21cf56e9,Scotty-11,2026-05-01,23:31:18,-07:00,2026-05-01T23:31:18-07:00,0,0
style.css,145,css,21cf56e9,Scotty-11,2026-05-01,23:31:18,-07:00,2026-05-01T23:31:18-07:00,0,13
style.css,146,css,21cf56e9,Scotty-11,2026-05-01,23:31:18,-07:00,2026-05-01T23:31:18-07:00,1,8
style.css,147,css,21cf56e9,Scotty-11,2026-05-01,23:31:18,-07:00,2026-05-01T23:31:18-07:00,1,30
style.css,148,css,21cf56e9,Scotty-11,2026-05-01,23:31:18,-07:00,2026-05-01T23:31:18-07:00,1,34
style.css,149,css,21cf56e9,Scotty-11,2026-05-01,23:31:18,-07:00,2026-05-01T23:31:18-07:00,1,23
style.css,150,css,21cf56e9,Scotty-11,2026-05-01,23:31:18,-07:00,2026-05-01T23:31:18-07:00,1,17
style.css,151,css,21cf56e9,Scotty-11,2026-05-01,23:31:18,-07:00,2026-05-01T23:31:18-07:00,0,0
style.css,152,css,21cf56e9,Scotty-11,2026-05-01,23:31:18,-07:00,2026-05-01T23:31:18-07:00,0,0
style.css,153,css,21cf56e9,Scotty-11,2026-05-01,23:31:18,-07:00,2026-05-01T23:31:18-07:00,0,67
style.css,154,css,21cf56e9,Scotty-11,2026-05-01,23:31:18,-07:00,2026-05-01T23:31:18-07:00,0,0
style.css,155,css,21cf56e9,Scotty-11,2026-05-01,23:31:18,-07:00,2026-05-01T23:31:18-07:00,0,18
style.css,156,css,21cf56e9,Scotty-11,2026-05-01,23:31:18,-07:00,2026-05-01T23:31:18-07:00,1,14
style.css,157,css,21cf56e9,Scotty-11,2026-05-01,23:31:18,-07:00,2026-05-01T23:31:18-07:00,1,16
style.css,158,css,21cf56e9,Scotty-11,2026-05-01,23:31:18,-07:00,2026-05-01T23:31:18-07:00,1,16
style.css,159,css,21cf56e9,Scotty-11,2026-05-01,23:31:18,-07:00,2026-05-01T23:31:18-07:00,1,13
style.css,160,css,21cf56e9,Scotty-11,2026-05-01,23:31:18,-07:00,2026-05-01T23:31:18-07:00,0,0
style.css,161,css,21cf56e9,Scotty-11,2026-05-01,23:31:18,-07:00,2026-05-01T23:31:18-07:00,0,0
style.css,162,css,21cf56e9,Scotty-11,2026-05-01,23:31:18,-07:00,2026-05-01T23:31:18-07:00,0,23
style.css,163,css,21cf56e9,Scotty-11,2026-05-01,23:31:18,-07:00,2026-05-01T23:31:18-07:00,1,16
style.css,164,css,21cf56e9,Scotty-11,2026-05-01,23:31:18,-07:00,2026-05-01T23:31:18-07:00,1,14
style.css,165,css,21cf56e9,Scotty-11,2026-05-01,23:31:18,-07:00,2026-05-01T23:31:18-07:00,0,0
style.css,166,css,21cf56e9,Scotty-11,2026-05-01,23:31:18,-07:00,2026-05-01T23:31:18-07:00,0,0
style.css,167,css,21cf56e9,Scotty-11,2026-05-01,23:31:18,-07:00,2026-05-01T23:31:18-07:00,0,51
style.css,168,css,21cf56e9,Scotty-11,2026-05-01,23:31:18,-07:00,2026-05-01T23:31:18-07:00,1,11
style.css,169,css,21cf56e9,Scotty-11,2026-05-01,23:31:18,-07:00,2026-05-01T23:31:18-07:00,0,0
style.css,170,css,21cf56e9,Scotty-11,2026-05-01,23:31:18,-07:00,2026-05-01T23:31:18-07:00,0,0
style.css,171,css,21cf56e9,Scotty-11,2026-05-01,23:31:18,-07:00,2026-05-01T23:31:18-07:00,0,67
style.css,172,css,21cf56e9,Scotty-11,2026-05-01,23:31:18,-07:00,2026-05-01T23:31:18-07:00,0,0
style.css,173,css,21cf56e9,Scotty-11,2026-05-01,23:31:18,-07:00,2026-05-01T23:31:18-07:00,0,9
style.css,174,css,21cf56e9,Scotty-11,2026-05-01,23:31:18,-07:00,2026-05-01T23:31:18-07:00,1,35
style.css,175,css,21cf56e9,Scotty-11,2026-05-01,23:31:18,-07:00,2026-05-01T23:31:18-07:00,0,0
style.css,176,css,21cf56e9,Scotty-11,2026-05-01,23:31:18,-07:00,2026-05-01T23:31:18-07:00,0,0
style.css,177,css,21cf56e9,Scotty-11,2026-05-01,23:31:18,-07:00,2026-05-01T23:31:18-07:00,0,18
style.css,178,css,21cf56e9,Scotty-11,2026-05-01,23:31:18,-07:00,2026-05-01T23:31:18-07:00,1,17
style.css,179,css,21cf56e9,Scotty-11,2026-05-01,23:31:18,-07:00,2026-05-01T23:31:18-07:00,0,0
style.css,180,css,21cf56e9,Scotty-11,2026-05-01,23:31:18,-07:00,2026-05-01T23:31:18-07:00,0,0
style.css,181,css,21cf56e9,Scotty-11,2026-05-01,23:31:18,-07:00,2026-05-01T23:31:18-07:00,0,67
style.css,182,css,21cf56e9,Scotty-11,2026-05-01,23:31:18,-07:00,2026-05-01T23:31:18-07:00,0,0
style.css,183,css,21cf56e9,Scotty-11,2026-05-01,23:31:18,-07:00,2026-05-01T23:31:18-07:00,0,7
style.css,184,css,21cf56e9,Scotty-11,2026-05-01,23:31:18,-07:00,2026-05-01T23:31:18-07:00,1,12
style.css,185,css,21cf56e9,Scotty-11,2026-05-01,23:31:18,-07:00,2026-05-01T23:31:18-07:00,1,57
style.css,186,css,21cf56e9,Scotty-11,2026-05-01,23:31:18,-07:00,2026-05-01T23:31:18-07:00,1,7
style.css,187,css,21cf56e9,Scotty-11,2026-05-01,23:31:18,-07:00,2026-05-01T23:31:18-07:00,1,15
style.css,188,css,21cf56e9,Scotty-11,2026-05-01,23:31:18,-07:00,2026-05-01T23:31:18-07:00,1,14
style.css,189,css,21cf56e9,Scotty-11,2026-05-01,23:31:18,-07:00,2026-05-01T23:31:18-07:00,1,8
style.css,190,css,21cf56e9,Scotty-11,2026-05-01,23:31:18,-07:00,2026-05-01T23:31:18-07:00,1,34
style.css,191,css,21cf56e9,Scotty-11,2026-05-01,23:31:18,-07:00,2026-05-01T23:31:18-07:00,1,17
style.css,192,css,21cf56e9,Scotty-11,2026-05-01,23:31:18,-07:00,2026-05-01T23:31:18-07:00,1,6
style.css,193,css,21cf56e9,Scotty-11,2026-05-01,23:31:18,-07:00,2026-05-01T23:31:18-07:00,1,19
style.css,194,css,21cf56e9,Scotty-11,2026-05-01,23:31:18,-07:00,2026-05-01T23:31:18-07:00,0,0
style.css,195,css,21cf56e9,Scotty-11,2026-05-01,23:31:18,-07:00,2026-05-01T23:31:18-07:00,0,0
style.css,196,css,21cf56e9,Scotty-11,2026-05-01,23:31:18,-07:00,2026-05-01T23:31:18-07:00,0,67
style.css,197,css,21cf56e9,Scotty-11,2026-05-01,23:31:18,-07:00,2026-05-01T23:31:18-07:00,0,0
style.css,198,css,21cf56e9,Scotty-11,2026-05-01,23:31:18,-07:00,2026-05-01T23:31:18-07:00,0,12
style.css,199,css,21cf56e9,Scotty-11,2026-05-01,23:31:18,-07:00,2026-05-01T23:31:18-07:00,1,12
style.css,200,css,21cf56e9,Scotty-11,2026-05-01,23:31:18,-07:00,2026-05-01T23:31:18-07:00,1,18
style.css,201,css,21cf56e9,Scotty-11,2026-05-01,23:31:18,-07:00,2026-05-01T23:31:18-07:00,1,9
style.css,202,css,21cf56e9,Scotty-11,2026-05-01,23:31:18,-07:00,2026-05-01T23:31:18-07:00,0,0
style.css,203,css,21cf56e9,Scotty-11,2026-05-01,23:31:18,-07:00,2026-05-01T23:31:18-07:00,0,0
style.css,204,css,21cf56e9,Scotty-11,2026-05-01,23:31:18,-07:00,2026-05-01T23:31:18-07:00,0,67
style.css,205,css,21cf56e9,Scotty-11,2026-05-01,23:31:18,-07:00,2026-05-01T23:31:18-07:00,0,0
style.css,206,css,21cf56e9,Scotty-11,2026-05-01,23:31:18,-07:00,2026-05-01T23:31:18-07:00,0,7
style.css,207,css,21cf56e9,Scotty-11,2026-05-01,23:31:18,-07:00,2026-05-01T23:31:18-07:00,1,20
style.css,208,css,21cf56e9,Scotty-11,2026-05-01,23:31:18,-07:00,2026-05-01T23:31:18-07:00,1,9
style.css,209,css,21cf56e9,Scotty-11,2026-05-01,23:31:18,-07:00,2026-05-01T23:31:18-07:00,1,18
style.css,210,css,21cf56e9,Scotty-11,2026-05-01,23:31:18,-07:00,2026-05-01T23:31:18-07:00,1,29
style.css,211,css,21cf56e9,Scotty-11,2026-05-01,23:31:18,-07:00,2026-05-01T23:31:18-07:00,1,17
style.css,212,css,21cf56e9,Scotty-11,2026-05-01,23:31:18,-07:00,2026-05-01T23:31:18-07:00,1,13
style.css,213,css,21cf56e9,Scotty-11,2026-05-01,23:31:18,-07:00,2026-05-01T23:31:18-07:00,0,0
style.css,214,css,21cf56e9,Scotty-11,2026-05-01,23:31:18,-07:00,2026-05-01T23:31:18-07:00,0,0
style.css,215,css,21cf56e9,Scotty-11,2026-05-01,23:31:18,-07:00,2026-05-01T23:31:18-07:00,0,67
style.css,216,css,21cf56e9,Scotty-11,2026-05-01,23:31:18,-07:00,2026-05-01T23:31:18-07:00,0,0
style.css,217,css,21cf56e9,Scotty-11,2026-05-01,23:31:18,-07:00,2026-05-01T23:31:18-07:00,0,16
style.css,218,css,21cf56e9,Scotty-11,2026-05-01,23:31:18,-07:00,2026-05-01T23:31:18-07:00,1,12
style.css,219,css,21cf56e9,Scotty-11,2026-05-01,23:31:18,-07:00,2026-05-01T23:31:18-07:00,1,18
style.css,220,css,21cf56e9,Scotty-11,2026-05-01,23:31:18,-07:00,2026-05-01T23:31:18-07:00,1,7
style.css,221,css,21cf56e9,Scotty-11,2026-05-01,23:31:18,-07:00,2026-05-01T23:31:18-07:00,1,14
style.css,222,css,21cf56e9,Scotty-11,2026-05-01,23:31:18,-07:00,2026-05-01T23:31:18-07:00,0,0
style.css,223,css,21cf56e9,Scotty-11,2026-05-01,23:31:18,-07:00,2026-05-01T23:31:18-07:00,0,0
style.css,224,css,21cf56e9,Scotty-11,2026-05-01,23:31:18,-07:00,2026-05-01T23:31:18-07:00,0,67
style.css,225,css,21cf56e9,Scotty-11,2026-05-01,23:31:18,-07:00,2026-05-01T23:31:18-07:00,0,0
style.css,226,css,21cf56e9,Scotty-11,2026-05-01,23:31:18,-07:00,2026-05-01T23:31:18-07:00,0,10
style.css,227,css,21cf56e9,Scotty-11,2026-05-01,23:31:18,-07:00,2026-05-01T23:31:18-07:00,1,13
style.css,228,css,21cf56e9,Scotty-11,2026-05-01,23:31:18,-07:00,2026-05-01T23:31:18-07:00,1,10
style.css,229,css,21cf56e9,Scotty-11,2026-05-01,23:31:18,-07:00,2026-05-01T23:31:18-07:00,1,20
style.css,230,css,21cf56e9,Scotty-11,2026-05-01,23:31:18,-07:00,2026-05-01T23:31:18-07:00,1,16
style.css,231,css,21cf56e9,Scotty-11,2026-05-01,23:31:18,-07:00,2026-05-01T23:31:18-07:00,1,12
style.css,232,css,21cf56e9,Scotty-11,2026-05-01,23:31:18,-07:00,2026-05-01T23:31:18-07:00,1,34
style.css,233,css,21cf56e9,Scotty-11,2026-05-01,23:31:18,-07:00,2026-05-01T23:31:18-07:00,1,17
style.css,234,css,21cf56e9,Scotty-11,2026-05-01,23:31:18,-07:00,2026-05-01T23:31:18-07:00,1,21
style.css,235,css,21cf56e9,Scotty-11,2026-05-01,23:31:18,-07:00,2026-05-01T23:31:18-07:00,0,0
style.css,236,css,21cf56e9,Scotty-11,2026-05-01,23:31:18,-07:00,2026-05-01T23:31:18-07:00,0,0
style.css,237,css,3d5b84fa,Scotty-11,2026-04-11,23:34:22,-07:00,2026-04-11T23:34:22-07:00,0,67
style.css,238,css,3d5b84fa,Scotty-11,2026-04-11,23:34:22,-07:00,2026-04-11T23:34:22-07:00,0,0
style.css,239,css,7666781e,Scotty-11,2026-04-11,23:50:47,-07:00,2026-04-11T23:50:47-07:00,0,70
style.css,240,css,7666781e,Scotty-11,2026-04-11,23:50:47,-07:00,2026-04-11T23:50:47-07:00,0,15
style.css,241,css,7666781e,Scotty-11,2026-04-11,23:50:47,-07:00,2026-04-11T23:50:47-07:00,1,14
style.css,242,css,7666781e,Scotty-11,2026-04-11,23:50:47,-07:00,2026-04-11T23:50:47-07:00,1,8
style.css,243,css,3d5b84fa,Scotty-11,2026-04-11,23:34:22,-07:00,2026-04-11T23:34:22-07:00,0,0
style.css,244,css,3d5b84fa,Scotty-11,2026-04-11,23:34:22,-07:00,2026-04-11T23:34:22-07:00,0,0
style.css,245,css,7666781e,Scotty-11,2026-04-11,23:50:47,-07:00,2026-04-11T23:50:47-07:00,0,42
style.css,246,css,7666781e,Scotty-11,2026-04-11,23:50:47,-07:00,2026-04-11T23:50:47-07:00,0,14
style.css,247,css,7666781e,Scotty-11,2026-04-11,23:50:47,-07:00,2026-04-11T23:50:47-07:00,1,17
style.css,248,css,7666781e,Scotty-11,2026-04-11,23:50:47,-07:00,2026-04-11T23:50:47-07:00,1,17
style.css,249,css,7666781e,Scotty-11,2026-04-11,23:50:47,-07:00,2026-04-11T23:50:47-07:00,1,43
style.css,250,css,7666781e,Scotty-11,2026-04-11,23:50:47,-07:00,2026-04-11T23:50:47-07:00,1,19
style.css,251,css,3d5b84fa,Scotty-11,2026-04-11,23:34:22,-07:00,2026-04-11T23:34:22-07:00,0,0
style.css,252,css,3d5b84fa,Scotty-11,2026-04-11,23:34:22,-07:00,2026-04-11T23:34:22-07:00,0,0
style.css,253,css,7666781e,Scotty-11,2026-04-11,23:50:47,-07:00,2026-04-11T23:50:47-07:00,0,28
style.css,254,css,7666781e,Scotty-11,2026-04-11,23:50:47,-07:00,2026-04-11T23:50:47-07:00,1,16
style.css,255,css,7666781e,Scotty-11,2026-04-11,23:50:47,-07:00,2026-04-11T23:50:47-07:00,1,15
style.css,256,css,7666781e,Scotty-11,2026-04-11,23:50:47,-07:00,2026-04-11T23:50:47-07:00,1,23
style.css,257,css,7666781e,Scotty-11,2026-04-11,23:50:47,-07:00,2026-04-11T23:50:47-07:00,1,16
style.css,258,css,7666781e,Scotty-11,2026-04-11,23:50:47,-07:00,2026-04-11T23:50:47-07:00,0,0
style.css,259,css,7666781e,Scotty-11,2026-04-11,23:50:47,-07:00,2026-04-11T23:50:47-07:00,0,0
style.css,260,css,7666781e,Scotty-11,2026-04-11,23:50:47,-07:00,2026-04-11T23:50:47-07:00,0,30
style.css,261,css,7666781e,Scotty-11,2026-04-11,23:50:47,-07:00,2026-04-11T23:50:47-07:00,1,16
style.css,262,css,7666781e,Scotty-11,2026-04-11,23:50:47,-07:00,2026-04-11T23:50:47-07:00,1,23
style.css,263,css,7666781e,Scotty-11,2026-04-11,23:50:47,-07:00,2026-04-11T23:50:47-07:00,1,16
style.css,264,css,7666781e,Scotty-11,2026-04-11,23:50:47,-07:00,2026-04-11T23:50:47-07:00,0,0
style.css,265,css,7666781e,Scotty-11,2026-04-11,23:50:47,-07:00,2026-04-11T23:50:47-07:00,0,0
style.css,266,css,7666781e,Scotty-11,2026-04-11,23:50:47,-07:00,2026-04-11T23:50:47-07:00,0,16
style.css,267,css,7666781e,Scotty-11,2026-04-11,23:50:47,-07:00,2026-04-11T23:50:47-07:00,1,25
style.css,268,css,7666781e,Scotty-11,2026-04-11,23:50:47,-07:00,2026-04-11T23:50:47-07:00,1,20
style.css,269,css,7666781e,Scotty-11,2026-04-11,23:50:47,-07:00,2026-04-11T23:50:47-07:00,0,0
style.css,270,css,7666781e,Scotty-11,2026-04-11,23:50:47,-07:00,2026-04-11T23:50:47-07:00,0,0
style.css,271,css,7666781e,Scotty-11,2026-04-11,23:50:47,-07:00,2026-04-11T23:50:47-07:00,0,22
style.css,272,css,7666781e,Scotty-11,2026-04-11,23:50:47,-07:00,2026-04-11T23:50:47-07:00,1,25
style.css,273,css,7666781e,Scotty-11,2026-04-11,23:50:47,-07:00,2026-04-11T23:50:47-07:00,0,0
style.css,274,css,7666781e,Scotty-11,2026-04-11,23:50:47,-07:00,2026-04-11T23:50:47-07:00,0,0
style.css,275,css,7666781e,Scotty-11,2026-04-11,23:50:47,-07:00,2026-04-11T23:50:47-07:00,0,19
style.css,276,css,7666781e,Scotty-11,2026-04-11,23:50:47,-07:00,2026-04-11T23:50:47-07:00,0,14
style.css,277,css,7666781e,Scotty-11,2026-04-11,23:50:47,-07:00,2026-04-11T23:50:47-07:00,1,12
style.css,278,css,7666781e,Scotty-11,2026-04-11,23:50:47,-07:00,2026-04-11T23:50:47-07:00,1,29
style.css,279,css,7666781e,Scotty-11,2026-04-11,23:50:47,-07:00,2026-04-11T23:50:47-07:00,1,7
style.css,280,css,7666781e,Scotty-11,2026-04-11,23:50:47,-07:00,2026-04-11T23:50:47-07:00,1,17
style.css,281,css,7666781e,Scotty-11,2026-04-11,23:50:47,-07:00,2026-04-11T23:50:47-07:00,0,0
style.css,282,css,7666781e,Scotty-11,2026-04-11,23:50:47,-07:00,2026-04-11T23:50:47-07:00,0,0
style.css,283,css,7666781e,Scotty-11,2026-04-11,23:50:47,-07:00,2026-04-11T23:50:47-07:00,0,24
style.css,284,css,7666781e,Scotty-11,2026-04-11,23:50:47,-07:00,2026-04-11T23:50:47-07:00,1,14
style.css,285,css,7666781e,Scotty-11,2026-04-11,23:50:47,-07:00,2026-04-11T23:50:47-07:00,2,25
style.css,286,css,7666781e,Scotty-11,2026-04-11,23:50:47,-07:00,2026-04-11T23:50:47-07:00,1,0
style.css,287,css,7666781e,Scotty-11,2026-04-11,23:50:47,-07:00,2026-04-11T23:50:47-07:00,0,0
style.css,288,css,7666781e,Scotty-11,2026-04-11,23:50:47,-07:00,2026-04-11T23:50:47-07:00,0,0
style.css,289,css,7666781e,Scotty-11,2026-04-11,23:50:47,-07:00,2026-04-11T23:50:47-07:00,0,17
style.css,290,css,7666781e,Scotty-11,2026-04-11,23:50:47,-07:00,2026-04-11T23:50:47-07:00,0,0
style.css,291,css,7666781e,Scotty-11,2026-04-11,23:50:47,-07:00,2026-04-11T23:50:47-07:00,0,23
style.css,292,css,7666781e,Scotty-11,2026-04-11,23:50:47,-07:00,2026-04-11T23:50:47-07:00,1,19
style.css,293,css,7666781e,Scotty-11,2026-04-11,23:50:47,-07:00,2026-04-11T23:50:47-07:00,0,0
style.css,294,css,7666781e,Scotty-11,2026-04-11,23:50:47,-07:00,2026-04-11T23:50:47-07:00,0,0
style.css,295,css,7666781e,Scotty-11,2026-04-11,23:50:47,-07:00,2026-04-11T23:50:47-07:00,0,18
style.css,296,css,7666781e,Scotty-11,2026-04-11,23:50:47,-07:00,2026-04-11T23:50:47-07:00,1,17
style.css,297,css,7666781e,Scotty-11,2026-04-11,23:50:47,-07:00,2026-04-11T23:50:47-07:00,1,24
style.css,298,css,7666781e,Scotty-11,2026-04-11,23:50:47,-07:00,2026-04-11T23:50:47-07:00,1,20
style.css,299,css,7666781e,Scotty-11,2026-04-11,23:50:47,-07:00,2026-04-11T23:50:47-07:00,1,25
style.css,300,css,7666781e,Scotty-11,2026-04-11,23:50:47,-07:00,2026-04-11T23:50:47-07:00,1,41
style.css,301,css,7666781e,Scotty-11,2026-04-11,23:50:47,-07:00,2026-04-11T23:50:47-07:00,1,20
style.css,302,css,7666781e,Scotty-11,2026-04-11,23:50:47,-07:00,2026-04-11T23:50:47-07:00,1,19
style.css,303,css,7666781e,Scotty-11,2026-04-11,23:50:47,-07:00,2026-04-11T23:50:47-07:00,0,0
style.css,304,css,7666781e,Scotty-11,2026-04-11,23:50:47,-07:00,2026-04-11T23:50:47-07:00,0,0
style.css,305,css,7666781e,Scotty-11,2026-04-11,23:50:47,-07:00,2026-04-11T23:50:47-07:00,0,18
style.css,306,css,7666781e,Scotty-11,2026-04-11,23:50:47,-07:00,2026-04-11T23:50:47-07:00,1,18
style.css,307,css,7666781e,Scotty-11,2026-04-11,23:50:47,-07:00,2026-04-11T23:50:47-07:00,1,8
style.css,308,css,7666781e,Scotty-11,2026-04-11,23:50:47,-07:00,2026-04-11T23:50:47-07:00,0,0
style.css,309,css,7666781e,Scotty-11,2026-04-11,23:50:47,-07:00,2026-04-11T23:50:47-07:00,0,0
style.css,310,css,7666781e,Scotty-11,2026-04-11,23:50:47,-07:00,2026-04-11T23:50:47-07:00,0,18
style.css,311,css,7666781e,Scotty-11,2026-04-11,23:50:47,-07:00,2026-04-11T23:50:47-07:00,1,19
style.css,312,css,7666781e,Scotty-11,2026-04-11,23:50:47,-07:00,2026-04-11T23:50:47-07:00,0,0
style.css,313,css,7666781e,Scotty-11,2026-04-11,23:50:47,-07:00,2026-04-11T23:50:47-07:00,0,0
style.css,314,css,7666781e,Scotty-11,2026-04-11,23:50:47,-07:00,2026-04-11T23:50:47-07:00,0,30
style.css,315,css,7666781e,Scotty-11,2026-04-11,23:50:47,-07:00,2026-04-11T23:50:47-07:00,0,0
style.css,316,css,7666781e,Scotty-11,2026-04-11,23:50:47,-07:00,2026-04-11T23:50:47-07:00,0,20
style.css,317,css,7666781e,Scotty-11,2026-04-11,23:50:47,-07:00,2026-04-11T23:50:47-07:00,1,17
style.css,318,css,7666781e,Scotty-11,2026-04-11,23:50:47,-07:00,2026-04-11T23:50:47-07:00,1,18
style.css,319,css,7666781e,Scotty-11,2026-04-11,23:50:47,-07:00,2026-04-11T23:50:47-07:00,1,17
style.css,320,css,7666781e,Scotty-11,2026-04-11,23:50:47,-07:00,2026-04-11T23:50:47-07:00,0,0
style.css,321,css,7666781e,Scotty-11,2026-04-11,23:50:47,-07:00,2026-04-11T23:50:47-07:00,0,0
style.css,322,css,7666781e,Scotty-11,2026-04-11,23:50:47,-07:00,2026-04-11T23:50:47-07:00,0,55
style.css,323,css,7666781e,Scotty-11,2026-04-11,23:50:47,-07:00,2026-04-11T23:50:47-07:00,0,28
style.css,324,css,7666781e,Scotty-11,2026-04-11,23:50:47,-07:00,2026-04-11T23:50:47-07:00,1,10
style.css,325,css,7666781e,Scotty-11,2026-04-11,23:50:47,-07:00,2026-04-11T23:50:47-07:00,1,17
style.css,326,css,7666781e,Scotty-11,2026-04-11,23:50:47,-07:00,2026-04-11T23:50:47-07:00,1,10
style.css,327,css,7666781e,Scotty-11,2026-04-11,23:50:47,-07:00,2026-04-11T23:50:47-07:00,1,43
style.css,328,css,7666781e,Scotty-11,2026-04-11,23:50:47,-07:00,2026-04-11T23:50:47-07:00,1,12
style.css,329,css,7666781e,Scotty-11,2026-04-11,23:50:47,-07:00,2026-04-11T23:50:47-07:00,1,9
style.css,330,css,7666781e,Scotty-11,2026-04-11,23:50:47,-07:00,2026-04-11T23:50:47-07:00,1,28
style.css,331,css,7666781e,Scotty-11,2026-04-11,23:50:47,-07:00,2026-04-11T23:50:47-07:00,0,0
style.css,332,css,7666781e,Scotty-11,2026-04-11,23:50:47,-07:00,2026-04-11T23:50:47-07:00,0,0
style.css,333,css,7666781e,Scotty-11,2026-04-11,23:50:47,-07:00,2026-04-11T23:50:47-07:00,0,15
style.css,334,css,7666781e,Scotty-11,2026-04-11,23:50:47,-07:00,2026-04-11T23:50:47-07:00,1,17
style.css,335,css,7666781e,Scotty-11,2026-04-11,23:50:47,-07:00,2026-04-11T23:50:47-07:00,1,24
style.css,336,css,7666781e,Scotty-11,2026-04-11,23:50:47,-07:00,2026-04-11T23:50:47-07:00,1,20
style.css,337,css,7666781e,Scotty-11,2026-04-11,23:50:47,-07:00,2026-04-11T23:50:47-07:00,1,25
style.css,338,css,7666781e,Scotty-11,2026-04-11,23:50:47,-07:00,2026-04-11T23:50:47-07:00,1,41
style.css,339,css,7666781e,Scotty-11,2026-04-11,23:50:47,-07:00,2026-04-11T23:50:47-07:00,1,20
style.css,340,css,7666781e,Scotty-11,2026-04-11,23:50:47,-07:00,2026-04-11T23:50:47-07:00,1,17
style.css,341,css,7666781e,Scotty-11,2026-04-11,23:50:47,-07:00,2026-04-11T23:50:47-07:00,0,0
style.css,342,css,7666781e,Scotty-11,2026-04-11,23:50:47,-07:00,2026-04-11T23:50:47-07:00,0,0
style.css,343,css,7666781e,Scotty-11,2026-04-11,23:50:47,-07:00,2026-04-11T23:50:47-07:00,0,30
style.css,344,css,7666781e,Scotty-11,2026-04-11,23:50:47,-07:00,2026-04-11T23:50:47-07:00,0,20
style.css,345,css,7666781e,Scotty-11,2026-04-11,23:50:47,-07:00,2026-04-11T23:50:47-07:00,1,17
style.css,346,css,7666781e,Scotty-11,2026-04-11,23:50:47,-07:00,2026-04-11T23:50:47-07:00,1,19
style.css,347,css,7666781e,Scotty-11,2026-04-11,23:50:47,-07:00,2026-04-11T23:50:47-07:00,0,0
style.css,348,css,7666781e,Scotty-11,2026-04-11,23:50:47,-07:00,2026-04-11T23:50:47-07:00,0,0
style.css,349,css,7666781e,Scotty-11,2026-04-11,23:50:47,-07:00,2026-04-11T23:50:47-07:00,0,37
style.css,350,css,7666781e,Scotty-11,2026-04-11,23:50:47,-07:00,2026-04-11T23:50:47-07:00,0,28
style.css,351,css,7666781e,Scotty-11,2026-04-11,23:50:47,-07:00,2026-04-11T23:50:47-07:00,1,10
style.css,352,css,7666781e,Scotty-11,2026-04-11,23:50:47,-07:00,2026-04-11T23:50:47-07:00,1,17
style.css,353,css,7666781e,Scotty-11,2026-04-11,23:50:47,-07:00,2026-04-11T23:50:47-07:00,1,11
style.css,354,css,7666781e,Scotty-11,2026-04-11,23:50:47,-07:00,2026-04-11T23:50:47-07:00,1,10
style.css,355,css,7666781e,Scotty-11,2026-04-11,23:50:47,-07:00,2026-04-11T23:50:47-07:00,1,11
style.css,356,css,7666781e,Scotty-11,2026-04-11,23:50:47,-07:00,2026-04-11T23:50:47-07:00,1,12
style.css,357,css,7666781e,Scotty-11,2026-04-11,23:50:47,-07:00,2026-04-11T23:50:47-07:00,1,17
style.css,358,css,7666781e,Scotty-11,2026-04-11,23:50:47,-07:00,2026-04-11T23:50:47-07:00,1,30
style.css,359,css,7666781e,Scotty-11,2026-04-11,23:50:47,-07:00,2026-04-11T23:50:47-07:00,1,57
style.css,360,css,7666781e,Scotty-11,2026-04-11,23:50:47,-07:00,2026-04-11T23:50:47-07:00,0,0
style.css,361,css,7666781e,Scotty-11,2026-04-11,23:50:47,-07:00,2026-04-11T23:50:47-07:00,0,0
style.css,362,css,7666781e,Scotty-11,2026-04-11,23:50:47,-07:00,2026-04-11T23:50:47-07:00,0,27
style.css,363,css,7666781e,Scotty-11,2026-04-11,23:50:47,-07:00,2026-04-11T23:50:47-07:00,1,19
style.css,364,css,7666781e,Scotty-11,2026-04-11,23:50:47,-07:00,2026-04-11T23:50:47-07:00,0,0
style.css,365,css,7666781e,Scotty-11,2026-04-11,23:50:47,-07:00,2026-04-11T23:50:47-07:00,0,0
style.css,366,css,7666781e,Scotty-11,2026-04-11,23:50:47,-07:00,2026-04-11T23:50:47-07:00,0,32
style.css,367,css,7666781e,Scotty-11,2026-04-11,23:50:47,-07:00,2026-04-11T23:50:47-07:00,1,16
style.css,368,css,7666781e,Scotty-11,2026-04-11,23:50:47,-07:00,2026-04-11T23:50:47-07:00,1,23
style.css,369,css,7666781e,Scotty-11,2026-04-11,23:50:47,-07:00,2026-04-11T23:50:47-07:00,1,13
style.css,370,css,7666781e,Scotty-11,2026-04-11,23:50:47,-07:00,2026-04-11T23:50:47-07:00,0,0
style.css,371,css,7666781e,Scotty-11,2026-04-11,23:50:47,-07:00,2026-04-11T23:50:47-07:00,0,0
style.css,372,css,7666781e,Scotty-11,2026-04-11,23:50:47,-07:00,2026-04-11T23:50:47-07:00,0,23
style.css,373,css,7666781e,Scotty-11,2026-04-11,23:50:47,-07:00,2026-04-11T23:50:47-07:00,1,16
style.css,374,css,7666781e,Scotty-11,2026-04-11,23:50:47,-07:00,2026-04-11T23:50:47-07:00,1,14
style.css,375,css,3d5b84fa,Scotty-11,2026-04-11,23:34:22,-07:00,2026-04-11T23:34:22-07:00,0,0
style.css,376,css,3d5b84fa,Scotty-11,2026-04-11,23:34:22,-07:00,2026-04-11T23:34:22-07:00,0,0
style.css,377,css,7666781e,Scotty-11,2026-04-11,23:50:47,-07:00,2026-04-11T23:50:47-07:00,0,29
style.css,378,css,3d5b84fa,Scotty-11,2026-04-11,23:34:22,-07:00,2026-04-11T23:34:22-07:00,1,8
style.css,379,css,7666781e,Scotty-11,2026-04-11,23:50:47,-07:00,2026-04-11T23:50:47-07:00,1,16
style.css,380,css,7666781e,Scotty-11,2026-04-11,23:50:47,-07:00,2026-04-11T23:50:47-07:00,1,23
style.css,381,css,7666781e,Scotty-11,2026-04-11,23:50:47,-07:00,2026-04-11T23:50:47-07:00,1,17
style.css,382,css,3d5b84fa,Scotty-11,2026-04-11,23:34:22,-07:00,2026-04-11T23:34:22-07:00,0,0
index.js,1,js,24a20b4a,Scotty-11,2026-04-24,23:36:26,-07:00,2026-04-24T23:36:26-07:00,0,71
index.js,2,js,24a20b4a,Scotty-11,2026-04-24,23:36:26,-07:00,2026-04-24T23:36:26-07:00,0,0
index.js,3,js,24a20b4a,Scotty-11,2026-04-24,23:36:26,-07:00,2026-04-24T23:36:26-07:00,0,54
index.js,4,js,24a20b4a,Scotty-11,2026-04-24,23:36:26,-07:00,2026-04-24T23:36:26-07:00,0,42
index.js,5,js,24a20b4a,Scotty-11,2026-04-24,23:36:26,-07:00,2026-04-24T23:36:26-07:00,0,0
index.js,6,js,24a20b4a,Scotty-11,2026-04-24,23:36:26,-07:00,2026-04-24T23:36:26-07:00,0,60
index.js,7,js,24a20b4a,Scotty-11,2026-04-24,23:36:26,-07:00,2026-04-24T23:36:26-07:00,0,54
index.js,8,js,24a20b4a,Scotty-11,2026-04-24,23:36:26,-07:00,2026-04-24T23:36:26-07:00,0,0
index.js,9,js,24a20b4a,Scotty-11,2026-04-24,23:36:26,-07:00,2026-04-24T23:36:26-07:00,0,54
index.js,10,js,24a20b4a,Scotty-11,2026-04-24,23:36:26,-07:00,2026-04-24T23:36:26-07:00,0,0
index.js,11,js,24a20b4a,Scotty-11,2026-04-24,23:36:26,-07:00,2026-04-24T23:36:26-07:00,0,60
index.js,12,js,24a20b4a,Scotty-11,2026-04-24,23:36:26,-07:00,2026-04-24T23:36:26-07:00,0,17
index.js,13,js,24a20b4a,Scotty-11,2026-04-24,23:36:26,-07:00,2026-04-24T23:36:26-07:00,2,24
index.js,14,js,24a20b4a,Scotty-11,2026-04-24,23:36:26,-07:00,2026-04-24T23:36:26-07:00,4,2
index.js,15,js,24a20b4a,Scotty-11,2026-04-24,23:36:26,-07:00,2026-04-24T23:36:26-07:00,6,55
index.js,16,js,24a20b4a,Scotty-11,2026-04-24,23:36:26,-07:00,2026-04-24T23:36:26-07:00,6,55
index.js,17,js,24a20b4a,Scotty-11,2026-04-24,23:36:26,-07:00,2026-04-24T23:36:26-07:00,6,49
index.js,18,js,24a20b4a,Scotty-11,2026-04-24,23:36:26,-07:00,2026-04-24T23:36:26-07:00,6,49
index.js,19,js,24a20b4a,Scotty-11,2026-04-24,23:36:26,-07:00,2026-04-24T23:36:26-07:00,4,3
index.js,20,js,24a20b4a,Scotty-11,2026-04-24,23:36:26,-07:00,2026-04-24T23:36:26-07:00,2,0
index.js,21,js,24a20b4a,Scotty-11,2026-04-24,23:36:26,-07:00,2026-04-24T23:36:26-07:00,0,0
index.html,1,html,390c456a,Scotty-11,2026-04-03,15:32:13,-07:00,2026-04-03T15:32:13-07:00,0,13
index.html,2,html,390c456a,Scotty-11,2026-04-03,15:32:13,-07:00,2026-04-03T15:32:13-07:00,0,14
index.html,3,html,390c456a,Scotty-11,2026-04-03,15:32:13,-07:00,2026-04-03T15:32:13-07:00,0,4
index.html,4,html,390c456a,Scotty-11,2026-04-03,15:32:13,-07:00,2026-04-03T15:32:13-07:00,2,20
index.html,5,html,390c456a,Scotty-11,2026-04-03,15:32:13,-07:00,2026-04-03T15:32:13-07:00,2,68
index.html,6,html,390c456a,Scotty-11,2026-04-03,15:32:13,-07:00,2026-04-03T15:32:13-07:00,2,53
index.html,7,html,3906f382,Scotty-11,2026-04-03,16:56:22,-07:00,2026-04-03T16:56:22-07:00,2,38
index.html,8,html,70f0b48a,Scotty-11,2026-04-17,23:36:29,-07:00,2026-04-17T23:36:29-07:00,2,45
index.html,9,html,390c456a,Scotty-11,2026-04-03,15:32:13,-07:00,2026-04-03T15:32:13-07:00,0,5
index.html,10,html,390c456a,Scotty-11,2026-04-03,15:32:13,-07:00,2026-04-03T15:32:13-07:00,0,4
index.html,11,html,bddfb8ce,Scotty-11,2026-04-03,16:39:36,-07:00,2026-04-03T16:39:36-07:00,0,0
index.html,12,html,390c456a,Scotty-11,2026-04-03,15:32:13,-07:00,2026-04-03T15:32:13-07:00,2,18
index.html,13,html,10150b45,Scotty-11,2026-04-03,15:35:12,-07:00,2026-04-03T15:35:12-07:00,2,117
index.html,14,html,e5744b7f,Scotty-11,2026-04-12,00:04:27,-07:00,2026-04-12T00:04:27-07:00,2,82
index.html,15,html,bddfb8ce,Scotty-11,2026-04-03,16:39:36,-07:00,2026-04-03T16:39:36-07:00,0,0
index.html,16,html,24a20b4a,Scotty-11,2026-04-24,23:36:26,-07:00,2026-04-24T23:36:26-07:00,2,50
index.html,17,html,24a20b4a,Scotty-11,2026-04-24,23:36:26,-07:00,2026-04-24T23:36:26-07:00,2,22
index.html,18,html,24a20b4a,Scotty-11,2026-04-24,23:36:26,-07:00,2026-04-24T23:36:26-07:00,2,28
index.html,19,html,bddfb8ce,Scotty-11,2026-04-03,16:39:36,-07:00,2026-04-03T16:39:36-07:00,0,0
index.html,20,html,24a20b4a,Scotty-11,2026-04-24,23:36:26,-07:00,2026-04-24T23:36:26-07:00,2,22
index.html,21,html,24a20b4a,Scotty-11,2026-04-24,23:36:26,-07:00,2026-04-24T23:36:26-07:00,2,20
index.html,22,html,24a20b4a,Scotty-11,2026-04-24,23:36:26,-07:00,2026-04-24T23:36:26-07:00,4,49
index.html,23,html,24a20b4a,Scotty-11,2026-04-24,23:36:26,-07:00,2026-04-24T23:36:26-07:00,2,4
index.html,24,html,24a20b4a,Scotty-11,2026-04-24,23:36:26,-07:00,2026-04-24T23:36:26-07:00,2,0
index.html,25,html,390c456a,Scotty-11,2026-04-03,15:32:13,-07:00,2026-04-03T15:32:13-07:00,0,5
index.html,26,html,390c456a,Scotty-11,2026-04-03,15:32:13,-07:00,2026-04-03T15:32:13-07:00,0,5
global.js,1,js,70f0b48a,Scotty-11,2026-04-17,23:36:29,-07:00,2026-04-17T23:36:29-07:00,0,25
global.js,2,js,70f0b48a,Scotty-11,2026-04-17,23:36:29,-07:00,2026-04-17T23:36:29-07:00,0,0
global.js,3,js,70f0b48a,Scotty-11,2026-04-17,23:36:29,-07:00,2026-04-17T23:36:29-07:00,0,41
global.js,4,js,70f0b48a,Scotty-11,2026-04-17,23:36:29,-07:00,2026-04-17T23:36:29-07:00,2,52
global.js,5,js,70f0b48a,Scotty-11,2026-04-17,23:36:29,-07:00,2026-04-17T23:36:29-07:00,0,0
global.js,6,js,70f0b48a,Scotty-11,2026-04-17,23:36:29,-07:00,2026-04-17T23:36:29-07:00,0,0
global.js,7,js,70f0b48a,Scotty-11,2026-04-17,23:36:29,-07:00,2026-04-17T23:36:29-07:00,0,88
global.js,8,js,70f0b48a,Scotty-11,2026-04-17,23:36:29,-07:00,2026-04-17T23:36:29-07:00,2,3
global.js,9,js,70f0b48a,Scotty-11,2026-04-17,23:36:29,-07:00,2026-04-17T23:36:29-07:00,2,14
global.js,10,js,70f0b48a,Scotty-11,2026-04-17,23:36:29,-07:00,2026-04-17T23:36:29-07:00,0,0
global.js,11,js,70f0b48a,Scotty-11,2026-04-17,23:36:29,-07:00,2026-04-17T23:36:29-07:00,0,11
global.js,12,js,70f0b48a,Scotty-11,2026-04-17,23:36:29,-07:00,2026-04-17T23:36:29-07:00,2,54
global.js,13,js,70f0b48a,Scotty-11,2026-04-17,23:36:29,-07:00,2026-04-17T23:36:29-07:00,2,58
global.js,14,js,70f0b48a,Scotty-11,2026-04-17,23:36:29,-07:00,2026-04-17T23:36:29-07:00,2,57
global.js,15,js,70f0b48a,Scotty-11,2026-04-17,23:36:29,-07:00,2026-04-17T23:36:29-07:00,2,56
global.js,16,js,70f0b48a,Scotty-11,2026-04-17,23:36:29,-07:00,2026-04-17T23:36:29-07:00,2,58
global.js,17,js,70f0b48a,Scotty-11,2026-04-17,23:36:29,-07:00,2026-04-17T23:36:29-07:00,0,0
global.js,18,js,70f0b48a,Scotty-11,2026-04-17,23:36:29,-07:00,2026-04-17T23:36:29-07:00,0,0
global.js,19,js,70f0b48a,Scotty-11,2026-04-17,23:36:29,-07:00,2026-04-17T23:36:29-07:00,0,38
global.js,20,js,70f0b48a,Scotty-11,2026-04-17,23:36:29,-07:00,2026-04-17T23:36:29-07:00,0,25
global.js,21,js,70f0b48a,Scotty-11,2026-04-17,23:36:29,-07:00,2026-04-17T23:36:29-07:00,0,0
global.js,22,js,70f0b48a,Scotty-11,2026-04-17,23:36:29,-07:00,2026-04-17T23:36:29-07:00,0,20
global.js,23,js,70f0b48a,Scotty-11,2026-04-17,23:36:29,-07:00,2026-04-17T23:36:29-07:00,2,14
global.js,24,js,70f0b48a,Scotty-11,2026-04-17,23:36:29,-07:00,2026-04-17T23:36:29-07:00,2,18
global.js,25,js,70f0b48a,Scotty-11,2026-04-17,23:36:29,-07:00,2026-04-17T23:36:29-07:00,0,0
global.js,26,js,70f0b48a,Scotty-11,2026-04-17,23:36:29,-07:00,2026-04-17T23:36:29-07:00,2,52
global.js,27,js,70f0b48a,Scotty-11,2026-04-17,23:36:29,-07:00,2026-04-17T23:36:29-07:00,0,0
global.js,28,js,70f0b48a,Scotty-11,2026-04-17,23:36:29,-07:00,2026-04-17T23:36:29-07:00,2,34
global.js,29,js,70f0b48a,Scotty-11,2026-04-17,23:36:29,-07:00,2026-04-17T23:36:29-07:00,2,11
global.js,30,js,70f0b48a,Scotty-11,2026-04-17,23:36:29,-07:00,2026-04-17T23:36:29-07:00,2,20
global.js,31,js,70f0b48a,Scotty-11,2026-04-17,23:36:29,-07:00,2026-04-17T23:36:29-07:00,0,0
global.js,32,js,70f0b48a,Scotty-11,2026-04-17,23:36:29,-07:00,2026-04-17T23:36:29-07:00,2,90
global.js,33,js,70f0b48a,Scotty-11,2026-04-17,23:36:29,-07:00,2026-04-17T23:36:29-07:00,0,0
global.js,34,js,70f0b48a,Scotty-11,2026-04-17,23:36:29,-07:00,2026-04-17T23:36:29-07:00,2,29
global.js,35,js,70f0b48a,Scotty-11,2026-04-17,23:36:29,-07:00,2026-04-17T23:36:29-07:00,4,18
global.js,36,js,70f0b48a,Scotty-11,2026-04-17,23:36:29,-07:00,2026-04-17T23:36:29-07:00,2,0
global.js,37,js,70f0b48a,Scotty-11,2026-04-17,23:36:29,-07:00,2026-04-17T23:36:29-07:00,0,0
global.js,38,js,70f0b48a,Scotty-11,2026-04-17,23:36:29,-07:00,2026-04-17T23:36:29-07:00,2,12
global.js,39,js,70f0b48a,Scotty-11,2026-04-17,23:36:29,-07:00,2026-04-17T23:36:29-07:00,0,0
global.js,40,js,70f0b48a,Scotty-11,2026-04-17,23:36:29,-07:00,2026-04-17T23:36:29-07:00,0,0
global.js,41,js,0eae9c7d,Scotty-11,2026-04-24,23:47:17,-07:00,2026-04-24T23:47:17-07:00,0,67
global.js,42,js,0eae9c7d,Scotty-11,2026-04-24,23:47:17,-07:00,2026-04-24T23:47:17-07:00,0,21
global.js,43,js,0eae9c7d,Scotty-11,2026-04-24,23:47:17,-07:00,2026-04-24T23:47:17-07:00,2,10
global.js,44,js,70f0b48a,Scotty-11,2026-04-17,23:36:29,-07:00,2026-04-17T23:36:29-07:00,2,27
global.js,45,js,70f0b48a,Scotty-11,2026-04-17,23:36:29,-07:00,2026-04-17T23:36:29-07:00,4,4
global.js,46,js,70f0b48a,Scotty-11,2026-04-17,23:36:29,-07:00,2026-04-17T23:36:29-07:00,4,6
global.js,47,js,70f0b48a,Scotty-11,2026-04-17,23:36:29,-07:00,2026-04-17T23:36:29-07:00,6,43
global.js,48,js,70f0b48a,Scotty-11,2026-04-17,23:36:29,-07:00,2026-04-17T23:36:29-07:00,6,34
global.js,49,js,70f0b48a,Scotty-11,2026-04-17,23:36:29,-07:00,2026-04-17T23:36:29-07:00,6,32
global.js,50,js,70f0b48a,Scotty-11,2026-04-17,23:36:29,-07:00,2026-04-17T23:36:29-07:00,4,7
global.js,51,js,70f0b48a,Scotty-11,2026-04-17,23:36:29,-07:00,2026-04-17T23:36:29-07:00,2,7
global.js,52,js,70f0b48a,Scotty-11,2026-04-17,23:36:29,-07:00,2026-04-17T23:36:29-07:00,0,0
global.js,53,js,70f0b48a,Scotty-11,2026-04-17,23:36:29,-07:00,2026-04-17T23:36:29-07:00,0,0
global.js,54,js,70f0b48a,Scotty-11,2026-04-17,23:36:29,-07:00,2026-04-17T23:36:29-07:00,0,60
global.js,55,js,70f0b48a,Scotty-11,2026-04-17,23:36:29,-07:00,2026-04-17T23:36:29-07:00,0,0
global.js,56,js,70f0b48a,Scotty-11,2026-04-17,23:36:29,-07:00,2026-04-17T23:36:29-07:00,0,36
global.js,57,js,70f0b48a,Scotty-11,2026-04-17,23:36:29,-07:00,2026-04-17T23:36:29-07:00,2,70
global.js,58,js,70f0b48a,Scotty-11,2026-04-17,23:36:29,-07:00,2026-04-17T23:36:29-07:00,2,25
global.js,59,js,70f0b48a,Scotty-11,2026-04-17,23:36:29,-07:00,2026-04-17T23:36:29-07:00,0,0
global.js,60,js,70f0b48a,Scotty-11,2026-04-17,23:36:29,-07:00,2026-04-17T23:36:29-07:00,0,0
global.js,61,js,70f0b48a,Scotty-11,2026-04-17,23:36:29,-07:00,2026-04-17T23:36:29-07:00,0,34
global.js,62,js,70f0b48a,Scotty-11,2026-04-17,23:36:29,-07:00,2026-04-17T23:36:29-07:00,2,39
global.js,63,js,70f0b48a,Scotty-11,2026-04-17,23:36:29,-07:00,2026-04-17T23:36:29-07:00,0,0
global.js,64,js,70f0b48a,Scotty-11,2026-04-17,23:36:29,-07:00,2026-04-17T23:36:29-07:00,0,0
global.js,65,js,70f0b48a,Scotty-11,2026-04-17,23:36:29,-07:00,2026-04-17T23:36:29-07:00,0,49
global.js,66,js,70f0b48a,Scotty-11,2026-04-17,23:36:29,-07:00,2026-04-17T23:36:29-07:00,2,44
global.js,67,js,70f0b48a,Scotty-11,2026-04-17,23:36:29,-07:00,2026-04-17T23:36:29-07:00,2,33
global.js,68,js,70f0b48a,Scotty-11,2026-04-17,23:36:29,-07:00,2026-04-17T23:36:29-07:00,0,1
global.js,69,js,24a20b4a,Scotty-11,2026-04-24,23:36:26,-07:00,2026-04-24T23:36:26-07:00,0,0
global.js,70,js,24a20b4a,Scotty-11,2026-04-24,23:36:26,-07:00,2026-04-24T23:36:26-07:00,0,36
global.js,71,js,24a20b4a,Scotty-11,2026-04-24,23:36:26,-07:00,2026-04-24T23:36:26-07:00,2,3
global.js,72,js,24a20b4a,Scotty-11,2026-04-24,23:36:26,-07:00,2026-04-24T23:36:26-07:00,4,32
global.js,73,js,24a20b4a,Scotty-11,2026-04-24,23:36:26,-07:00,2026-04-24T23:36:26-07:00,4,17
global.js,74,js,24a20b4a,Scotty-11,2026-04-24,23:36:26,-07:00,2026-04-24T23:36:26-07:00,6,66
global.js,75,js,24a20b4a,Scotty-11,2026-04-24,23:36:26,-07:00,2026-04-24T23:36:26-07:00,4,0
global.js,76,js,24a20b4a,Scotty-11,2026-04-24,23:36:26,-07:00,2026-04-24T23:36:26-07:00,4,33
global.js,77,js,24a20b4a,Scotty-11,2026-04-24,23:36:26,-07:00,2026-04-24T23:36:26-07:00,4,10
global.js,78,js,24a20b4a,Scotty-11,2026-04-24,23:36:26,-07:00,2026-04-24T23:36:26-07:00,2,15
global.js,79,js,24a20b4a,Scotty-11,2026-04-24,23:36:26,-07:00,2026-04-24T23:36:26-07:00,4,59
global.js,80,js,24a20b4a,Scotty-11,2026-04-24,23:36:26,-07:00,2026-04-24T23:36:26-07:00,2,0
global.js,81,js,24a20b4a,Scotty-11,2026-04-24,23:36:26,-07:00,2026-04-24T23:36:26-07:00,0,0
global.js,82,js,24a20b4a,Scotty-11,2026-04-24,23:36:26,-07:00,2026-04-24T23:36:26-07:00,0,0
global.js,83,js,24a20b4a,Scotty-11,2026-04-24,23:36:26,-07:00,2026-04-24T23:36:26-07:00,0,79
global.js,84,js,0eae9c7d,Scotty-11,2026-04-24,23:47:17,-07:00,2026-04-24T23:47:17-07:00,2,41
global.js,85,js,24a20b4a,Scotty-11,2026-04-24,23:36:26,-07:00,2026-04-24T23:36:26-07:00,2,30
global.js,86,js,24a20b4a,Scotty-11,2026-04-24,23:36:26,-07:00,2026-04-24T23:36:26-07:00,2,31
global.js,87,js,24a20b4a,Scotty-11,2026-04-24,23:36:26,-07:00,2026-04-24T23:36:26-07:00,4,48
global.js,88,js,24a20b4a,Scotty-11,2026-04-24,23:36:26,-07:00,2026-04-24T23:36:26-07:00,4,19
global.js,89,js,24a20b4a,Scotty-11,2026-04-24,23:36:26,-07:00,2026-04-24T23:36:26-07:00,6,49
global.js,90,js,24a20b4a,Scotty-11,2026-04-24,23:36:26,-07:00,2026-04-24T23:36:26-07:00,6,49
global.js,91,js,21cf56e9,Scotty-11,2026-05-01,23:31:18,-07:00,2026-05-01T23:31:18-07:00,6,3
global.js,92,js,21cf56e9,Scotty-11,2026-05-01,23:31:18,-07:00,2026-05-01T23:31:18-07:00,8,27
global.js,93,js,21cf56e9,Scotty-11,2026-05-01,23:31:18,-07:00,2026-05-01T23:31:18-07:00,8,44
global.js,94,js,21cf56e9,Scotty-11,2026-05-01,23:31:18,-07:00,2026-05-01T23:31:18-07:00,6,4
global.js,95,js,24a20b4a,Scotty-11,2026-04-24,23:36:26,-07:00,2026-04-24T23:36:26-07:00,4,0
global.js,96,js,24a20b4a,Scotty-11,2026-04-24,23:36:26,-07:00,2026-04-24T23:36:26-07:00,4,36
global.js,97,js,24a20b4a,Scotty-11,2026-04-24,23:36:26,-07:00,2026-04-24T23:36:26-07:00,2,0
global.js,98,js,24a20b4a,Scotty-11,2026-04-24,23:36:26,-07:00,2026-04-24T23:36:26-07:00,0,0
global.js,99,js,24a20b4a,Scotty-11,2026-04-24,23:36:26,-07:00,2026-04-24T23:36:26-07:00,0,0
global.js,100,js,24a20b4a,Scotty-11,2026-04-24,23:36:26,-07:00,2026-04-24T23:36:26-07:00,0,47
global.js,101,js,24a20b4a,Scotty-11,2026-04-24,23:36:26,-07:00,2026-04-24T23:36:26-07:00,2,59
global.js,102,js,24a20b4a,Scotty-11,2026-04-24,23:36:26,-07:00,2026-04-24T23:36:26-07:00,0,0
resume/index.html,1,html,bddfb8ce,Scotty-11,2026-04-03,16:39:36,-07:00,2026-04-03T16:39:36-07:00,0,13
resume/index.html,2,html,bddfb8ce,Scotty-11,2026-04-03,16:39:36,-07:00,2026-04-03T16:39:36-07:00,0,14
resume/index.html,3,html,bddfb8ce,Scotty-11,2026-04-03,16:39:36,-07:00,2026-04-03T16:39:36-07:00,0,4
resume/index.html,4,html,bddfb8ce,Scotty-11,2026-04-03,16:39:36,-07:00,2026-04-03T16:39:36-07:00,2,20
resume/index.html,5,html,bddfb8ce,Scotty-11,2026-04-03,16:39:36,-07:00,2026-04-03T16:39:36-07:00,2,68
resume/index.html,6,html,bddfb8ce,Scotty-11,2026-04-03,16:39:36,-07:00,2026-04-03T16:39:36-07:00,2,19
resume/index.html,7,html,3906f382,Scotty-11,2026-04-03,16:56:22,-07:00,2026-04-03T16:56:22-07:00,2,41
resume/index.html,8,html,70f0b48a,Scotty-11,2026-04-17,23:36:29,-07:00,2026-04-17T23:36:29-07:00,2,48
resume/index.html,9,html,bddfb8ce,Scotty-11,2026-04-03,16:39:36,-07:00,2026-04-03T16:39:36-07:00,0,5
resume/index.html,10,html,3d5b84fa,Scotty-11,2026-04-11,23:34:22,-07:00,2026-04-11T23:34:22-07:00,0,24
resume/index.html,11,html,bddfb8ce,Scotty-11,2026-04-03,16:39:36,-07:00,2026-04-03T16:39:36-07:00,0,0
resume/index.html,12,html,7666781e,Scotty-11,2026-04-11,23:50:47,-07:00,2026-04-11T23:50:47-07:00,2,39
resume/index.html,13,html,7666781e,Scotty-11,2026-04-11,23:50:47,-07:00,2026-04-11T23:50:47-07:00,2,28
resume/index.html,14,html,bddfb8ce,Scotty-11,2026-04-03,16:39:36,-07:00,2026-04-03T16:39:36-07:00,4,18
resume/index.html,15,html,7666781e,Scotty-11,2026-04-11,23:50:47,-07:00,2026-04-11T23:50:47-07:00,4,46
resume/index.html,16,html,7666781e,Scotty-11,2026-04-11,23:50:47,-07:00,2026-04-11T23:50:47-07:00,4,24
resume/index.html,17,html,7666781e,Scotty-11,2026-04-11,23:50:47,-07:00,2026-04-11T23:50:47-07:00,6,18
resume/index.html,18,html,7666781e,Scotty-11,2026-04-11,23:50:47,-07:00,2026-04-11T23:50:47-07:00,6,57
resume/index.html,19,html,7666781e,Scotty-11,2026-04-11,23:50:47,-07:00,2026-04-11T23:50:47-07:00,6,72
resume/index.html,20,html,bddfb8ce,Scotty-11,2026-04-03,16:39:36,-07:00,2026-04-03T16:39:36-07:00,6,88
resume/index.html,21,html,bddfb8ce,Scotty-11,2026-04-03,16:39:36,-07:00,2026-04-03T16:39:36-07:00,4,2
resume/index.html,22,html,7666781e,Scotty-11,2026-04-11,23:50:47,-07:00,2026-04-11T23:50:47-07:00,2,7
resume/index.html,23,html,7666781e,Scotty-11,2026-04-11,23:50:47,-07:00,2026-04-11T23:50:47-07:00,0,0
resume/index.html,24,html,7666781e,Scotty-11,2026-04-11,23:50:47,-07:00,2026-04-11T23:50:47-07:00,2,22
resume/index.html,25,html,7666781e,Scotty-11,2026-04-11,23:50:47,-07:00,2026-04-11T23:50:47-07:00,2,25
resume/index.html,26,html,7666781e,Scotty-11,2026-04-11,23:50:47,-07:00,2026-04-11T23:50:47-07:00,0,0
resume/index.html,27,html,7666781e,Scotty-11,2026-04-11,23:50:47,-07:00,2026-04-11T23:50:47-07:00,4,32
resume/index.html,28,html,7666781e,Scotty-11,2026-04-11,23:50:47,-07:00,2026-04-11T23:50:47-07:00,4,28
resume/index.html,29,html,7666781e,Scotty-11,2026-04-11,23:50:47,-07:00,2026-04-11T23:50:47-07:00,0,0
resume/index.html,30,html,7666781e,Scotty-11,2026-04-11,23:50:47,-07:00,2026-04-11T23:50:47-07:00,6,7
resume/index.html,31,html,7666781e,Scotty-11,2026-04-11,23:50:47,-07:00,2026-04-11T23:50:47-07:00,8,14
resume/index.html,32,html,7666781e,Scotty-11,2026-04-11,23:50:47,-07:00,2026-04-11T23:50:47-07:00,8,133
resume/index.html,33,html,7666781e,Scotty-11,2026-04-11,23:50:47,-07:00,2026-04-11T23:50:47-07:00,6,8
resume/index.html,34,html,7666781e,Scotty-11,2026-04-11,23:50:47,-07:00,2026-04-11T23:50:47-07:00,0,0
resume/index.html,35,html,7666781e,Scotty-11,2026-04-11,23:50:47,-07:00,2026-04-11T23:50:47-07:00,6,7
resume/index.html,36,html,7666781e,Scotty-11,2026-04-11,23:50:47,-07:00,2026-04-11T23:50:47-07:00,8,13
resume/index.html,37,html,7666781e,Scotty-11,2026-04-11,23:50:47,-07:00,2026-04-11T23:50:47-07:00,8,2
resume/index.html,38,html,7666781e,Scotty-11,2026-04-11,23:50:47,-07:00,2026-04-11T23:50:47-07:00,10,13
resume/index.html,39,html,7666781e,Scotty-11,2026-04-11,23:50:47,-07:00,2026-04-11T23:50:47-07:00,10,10
resume/index.html,40,html,7666781e,Scotty-11,2026-04-11,23:50:47,-07:00,2026-04-11T23:50:47-07:00,10,21
resume/index.html,41,html,7666781e,Scotty-11,2026-04-11,23:50:47,-07:00,2026-04-11T23:50:47-07:00,10,8
resume/index.html,42,html,7666781e,Scotty-11,2026-04-11,23:50:47,-07:00,2026-04-11T23:50:47-07:00,10,12
resume/index.html,43,html,7666781e,Scotty-11,2026-04-11,23:50:47,-07:00,2026-04-11T23:50:47-07:00,10,23
resume/index.html,44,html,7666781e,Scotty-11,2026-04-11,23:50:47,-07:00,2026-04-11T23:50:47-07:00,8,3
resume/index.html,45,html,7666781e,Scotty-11,2026-04-11,23:50:47,-07:00,2026-04-11T23:50:47-07:00,6,8
resume/index.html,46,html,7666781e,Scotty-11,2026-04-11,23:50:47,-07:00,2026-04-11T23:50:47-07:00,0,0
resume/index.html,47,html,7666781e,Scotty-11,2026-04-11,23:50:47,-07:00,2026-04-11T23:50:47-07:00,6,7
resume/index.html,48,html,7666781e,Scotty-11,2026-04-11,23:50:47,-07:00,2026-04-11T23:50:47-07:00,8,16
resume/index.html,49,html,7666781e,Scotty-11,2026-04-11,23:50:47,-07:00,2026-04-11T23:50:47-07:00,8,12
resume/index.html,50,html,7666781e,Scotty-11,2026-04-11,23:50:47,-07:00,2026-04-11T23:50:47-07:00,8,21
resume/index.html,51,html,7666781e,Scotty-11,2026-04-11,23:50:47,-07:00,2026-04-11T23:50:47-07:00,6,8
resume/index.html,52,html,7666781e,Scotty-11,2026-04-11,23:50:47,-07:00,2026-04-11T23:50:47-07:00,0,0
resume/index.html,53,html,7666781e,Scotty-11,2026-04-11,23:50:47,-07:00,2026-04-11T23:50:47-07:00,6,7
resume/index.html,54,html,7666781e,Scotty-11,2026-04-11,23:50:47,-07:00,2026-04-11T23:50:47-07:00,8,23
resume/index.html,55,html,7666781e,Scotty-11,2026-04-11,23:50:47,-07:00,2026-04-11T23:50:47-07:00,8,95
resume/index.html,56,html,7666781e,Scotty-11,2026-04-11,23:50:47,-07:00,2026-04-11T23:50:47-07:00,8,72
resume/index.html,57,html,7666781e,Scotty-11,2026-04-11,23:50:47,-07:00,2026-04-11T23:50:47-07:00,6,8
resume/index.html,58,html,7666781e,Scotty-11,2026-04-11,23:50:47,-07:00,2026-04-11T23:50:47-07:00,0,0
resume/index.html,59,html,7666781e,Scotty-11,2026-04-11,23:50:47,-07:00,2026-04-11T23:50:47-07:00,4,6
resume/index.html,60,html,7666781e,Scotty-11,2026-04-11,23:50:47,-07:00,2026-04-11T23:50:47-07:00,0,0
resume/index.html,61,html,7666781e,Scotty-11,2026-04-11,23:50:47,-07:00,2026-04-11T23:50:47-07:00,4,43
resume/index.html,62,html,7666781e,Scotty-11,2026-04-11,23:50:47,-07:00,2026-04-11T23:50:47-07:00,4,24
resume/index.html,63,html,7666781e,Scotty-11,2026-04-11,23:50:47,-07:00,2026-04-11T23:50:47-07:00,0,0
resume/index.html,64,html,7666781e,Scotty-11,2026-04-11,23:50:47,-07:00,2026-04-11T23:50:47-07:00,6,7
resume/index.html,65,html,7666781e,Scotty-11,2026-04-11,23:50:47,-07:00,2026-04-11T23:50:47-07:00,8,17
resume/index.html,66,html,7666781e,Scotty-11,2026-04-11,23:50:47,-07:00,2026-04-11T23:50:47-07:00,0,0
resume/index.html,67,html,7666781e,Scotty-11,2026-04-11,23:50:47,-07:00,2026-04-11T23:50:47-07:00,8,7
resume/index.html,68,html,7666781e,Scotty-11,2026-04-11,23:50:47,-07:00,2026-04-11T23:50:47-07:00,10,6
resume/index.html,69,html,7666781e,Scotty-11,2026-04-11,23:50:47,-07:00,2026-04-11T23:50:47-07:00,12,81
resume/index.html,70,html,7666781e,Scotty-11,2026-04-11,23:50:47,-07:00,2026-04-11T23:50:47-07:00,12,16
resume/index.html,71,html,7666781e,Scotty-11,2026-04-11,23:50:47,-07:00,2026-04-11T23:50:47-07:00,12,23
resume/index.html,72,html,7666781e,Scotty-11,2026-04-11,23:50:47,-07:00,2026-04-11T23:50:47-07:00,10,7
resume/index.html,73,html,7666781e,Scotty-11,2026-04-11,23:50:47,-07:00,2026-04-11T23:50:47-07:00,10,57
resume/index.html,74,html,7666781e,Scotty-11,2026-04-11,23:50:47,-07:00,2026-04-11T23:50:47-07:00,10,2
resume/index.html,75,html,7666781e,Scotty-11,2026-04-11,23:50:47,-07:00,2026-04-11T23:50:47-07:00,12,53
resume/index.html,76,html,7666781e,Scotty-11,2026-04-11,23:50:47,-07:00,2026-04-11T23:50:47-07:00,12,56
resume/index.html,77,html,7666781e,Scotty-11,2026-04-11,23:50:47,-07:00,2026-04-11T23:50:47-07:00,12,49
resume/index.html,78,html,7666781e,Scotty-11,2026-04-11,23:50:47,-07:00,2026-04-11T23:50:47-07:00,10,3
resume/index.html,79,html,7666781e,Scotty-11,2026-04-11,23:50:47,-07:00,2026-04-11T23:50:47-07:00,8,8
resume/index.html,80,html,7666781e,Scotty-11,2026-04-11,23:50:47,-07:00,2026-04-11T23:50:47-07:00,0,0
resume/index.html,81,html,7666781e,Scotty-11,2026-04-11,23:50:47,-07:00,2026-04-11T23:50:47-07:00,8,7
resume/index.html,82,html,7666781e,Scotty-11,2026-04-11,23:50:47,-07:00,2026-04-11T23:50:47-07:00,10,6
resume/index.html,83,html,7666781e,Scotty-11,2026-04-11,23:50:47,-07:00,2026-04-11T23:50:47-07:00,12,81
resume/index.html,84,html,7666781e,Scotty-11,2026-04-11,23:50:47,-07:00,2026-04-11T23:50:47-07:00,12,16
resume/index.html,85,html,7666781e,Scotty-11,2026-04-11,23:50:47,-07:00,2026-04-11T23:50:47-07:00,12,23
resume/index.html,86,html,7666781e,Scotty-11,2026-04-11,23:50:47,-07:00,2026-04-11T23:50:47-07:00,10,7
resume/index.html,87,html,7666781e,Scotty-11,2026-04-11,23:50:47,-07:00,2026-04-11T23:50:47-07:00,10,85
resume/index.html,88,html,7666781e,Scotty-11,2026-04-11,23:50:47,-07:00,2026-04-11T23:50:47-07:00,8,8
resume/index.html,89,html,7666781e,Scotty-11,2026-04-11,23:50:47,-07:00,2026-04-11T23:50:47-07:00,6,8
resume/index.html,90,html,7666781e,Scotty-11,2026-04-11,23:50:47,-07:00,2026-04-11T23:50:47-07:00,0,0
resume/index.html,91,html,7666781e,Scotty-11,2026-04-11,23:50:47,-07:00,2026-04-11T23:50:47-07:00,6,7
resume/index.html,92,html,7666781e,Scotty-11,2026-04-11,23:50:47,-07:00,2026-04-11T23:50:47-07:00,8,16
resume/index.html,93,html,7666781e,Scotty-11,2026-04-11,23:50:47,-07:00,2026-04-11T23:50:47-07:00,0,0
resume/index.html,94,html,7666781e,Scotty-11,2026-04-11,23:50:47,-07:00,2026-04-11T23:50:47-07:00,8,7
resume/index.html,95,html,7666781e,Scotty-11,2026-04-11,23:50:47,-07:00,2026-04-11T23:50:47-07:00,10,6
resume/index.html,96,html,7666781e,Scotty-11,2026-04-11,23:50:47,-07:00,2026-04-11T23:50:47-07:00,12,81
resume/index.html,97,html,7666781e,Scotty-11,2026-04-11,23:50:47,-07:00,2026-04-11T23:50:47-07:00,12,22
resume/index.html,98,html,7666781e,Scotty-11,2026-04-11,23:50:47,-07:00,2026-04-11T23:50:47-07:00,12,40
resume/index.html,99,html,7666781e,Scotty-11,2026-04-11,23:50:47,-07:00,2026-04-11T23:50:47-07:00,10,7
resume/index.html,100,html,7666781e,Scotty-11,2026-04-11,23:50:47,-07:00,2026-04-11T23:50:47-07:00,10,103
resume/index.html,101,html,7666781e,Scotty-11,2026-04-11,23:50:47,-07:00,2026-04-11T23:50:47-07:00,8,8
resume/index.html,102,html,7666781e,Scotty-11,2026-04-11,23:50:47,-07:00,2026-04-11T23:50:47-07:00,6,8
resume/index.html,103,html,bddfb8ce,Scotty-11,2026-04-03,16:39:36,-07:00,2026-04-03T16:39:36-07:00,0,0
resume/index.html,104,html,7666781e,Scotty-11,2026-04-11,23:50:47,-07:00,2026-04-11T23:50:47-07:00,4,5
resume/index.html,105,html,7666781e,Scotty-11,2026-04-11,23:50:47,-07:00,2026-04-11T23:50:47-07:00,2,4
resume/index.html,106,html,bddfb8ce,Scotty-11,2026-04-03,16:39:36,-07:00,2026-04-03T16:39:36-07:00,0,0
resume/index.html,107,html,bddfb8ce,Scotty-11,2026-04-03,16:39:36,-07:00,2026-04-03T16:39:36-07:00,0,5
resume/index.html,108,html,7666781e,Scotty-11,2026-04-11,23:50:47,-07:00,2026-04-11T23:50:47-07:00,0,5
projects/projects.js,1,js,21cf56e9,Scotty-11,2026-05-01,23:31:18,-07:00,2026-05-01T23:31:18-07:00,0,63
projects/projects.js,2,js,21cf56e9,Scotty-11,2026-05-01,23:31:18,-07:00,2026-05-01T23:31:18-07:00,0,0
projects/projects.js,3,js,24a20b4a,Scotty-11,2026-04-24,23:36:26,-07:00,2026-04-24T23:36:26-07:00,0,55
projects/projects.js,4,js,24a20b4a,Scotty-11,2026-04-24,23:36:26,-07:00,2026-04-24T23:36:26-07:00,0,0
projects/projects.js,5,js,24a20b4a,Scotty-11,2026-04-24,23:36:26,-07:00,2026-04-24T23:36:26-07:00,0,55
projects/projects.js,6,js,24a20b4a,Scotty-11,2026-04-24,23:36:26,-07:00,2026-04-24T23:36:26-07:00,0,60
projects/projects.js,7,js,24a20b4a,Scotty-11,2026-04-24,23:36:26,-07:00,2026-04-24T23:36:26-07:00,0,0
projects/projects.js,8,js,24a20b4a,Scotty-11,2026-04-24,23:36:26,-07:00,2026-04-24T23:36:26-07:00,0,62
projects/projects.js,9,js,24a20b4a,Scotty-11,2026-04-24,23:36:26,-07:00,2026-04-24T23:36:26-07:00,0,18
projects/projects.js,10,js,24a20b4a,Scotty-11,2026-04-24,23:36:26,-07:00,2026-04-24T23:36:26-07:00,2,56
projects/projects.js,11,js,24a20b4a,Scotty-11,2026-04-24,23:36:26,-07:00,2026-04-24T23:36:26-07:00,0,0
projects/projects.js,12,js,21cf56e9,Scotty-11,2026-05-01,23:31:18,-07:00,2026-05-01T23:31:18-07:00,0,0
projects/projects.js,13,js,21cf56e9,Scotty-11,2026-05-01,23:31:18,-07:00,2026-05-01T23:31:18-07:00,0,59
projects/projects.js,14,js,21cf56e9,Scotty-11,2026-05-01,23:31:18,-07:00,2026-05-01T23:31:18-07:00,0,49
projects/projects.js,15,js,21cf56e9,Scotty-11,2026-05-01,23:31:18,-07:00,2026-05-01T23:31:18-07:00,0,0
projects/projects.js,16,js,21cf56e9,Scotty-11,2026-05-01,23:31:18,-07:00,2026-05-01T23:31:18-07:00,0,21
projects/projects.js,17,js,21cf56e9,Scotty-11,2026-05-01,23:31:18,-07:00,2026-05-01T23:31:18-07:00,0,22
projects/projects.js,18,js,21cf56e9,Scotty-11,2026-05-01,23:31:18,-07:00,2026-05-01T23:31:18-07:00,0,13
projects/projects.js,19,js,21cf56e9,Scotty-11,2026-05-01,23:31:18,-07:00,2026-05-01T23:31:18-07:00,0,19
projects/projects.js,20,js,21cf56e9,Scotty-11,2026-05-01,23:31:18,-07:00,2026-05-01T23:31:18-07:00,0,0
projects/projects.js,21,js,21cf56e9,Scotty-11,2026-05-01,23:31:18,-07:00,2026-05-01T23:31:18-07:00,0,27
projects/projects.js,22,js,21cf56e9,Scotty-11,2026-05-01,23:31:18,-07:00,2026-05-01T23:31:18-07:00,2,35
projects/projects.js,23,js,21cf56e9,Scotty-11,2026-05-01,23:31:18,-07:00,2026-05-01T23:31:18-07:00,4,59
projects/projects.js,24,js,21cf56e9,Scotty-11,2026-05-01,23:31:18,-07:00,2026-05-01T23:31:18-07:00,4,42
projects/projects.js,25,js,21cf56e9,Scotty-11,2026-05-01,23:31:18,-07:00,2026-05-01T23:31:18-07:00,2,1
projects/projects.js,26,js,21cf56e9,Scotty-11,2026-05-01,23:31:18,-07:00,2026-05-01T23:31:18-07:00,0,0
projects/projects.js,27,js,21cf56e9,Scotty-11,2026-05-01,23:31:18,-07:00,2026-05-01T23:31:18-07:00,0,0
projects/projects.js,28,js,21cf56e9,Scotty-11,2026-05-01,23:31:18,-07:00,2026-05-01T23:31:18-07:00,0,23
projects/projects.js,29,js,21cf56e9,Scotty-11,2026-05-01,23:31:18,-07:00,2026-05-01T23:31:18-07:00,2,32
projects/projects.js,30,js,21cf56e9,Scotty-11,2026-05-01,23:31:18,-07:00,2026-05-01T23:31:18-07:00,2,26
projects/projects.js,31,js,21cf56e9,Scotty-11,2026-05-01,23:31:18,-07:00,2026-05-01T23:31:18-07:00,4,57
projects/projects.js,32,js,21cf56e9,Scotty-11,2026-05-01,23:31:18,-07:00,2026-05-01T23:31:18-07:00,2,0
projects/projects.js,33,js,21cf56e9,Scotty-11,2026-05-01,23:31:18,-07:00,2026-05-01T23:31:18-07:00,2,48
projects/projects.js,34,js,21cf56e9,Scotty-11,2026-05-01,23:31:18,-07:00,2026-05-01T23:31:18-07:00,0,0
projects/projects.js,35,js,21cf56e9,Scotty-11,2026-05-01,23:31:18,-07:00,2026-05-01T23:31:18-07:00,0,0
projects/projects.js,36,js,21cf56e9,Scotty-11,2026-05-01,23:31:18,-07:00,2026-05-01T23:31:18-07:00,0,30
projects/projects.js,37,js,21cf56e9,Scotty-11,2026-05-01,23:31:18,-07:00,2026-05-01T23:31:18-07:00,2,26
projects/projects.js,38,js,21cf56e9,Scotty-11,2026-05-01,23:31:18,-07:00,2026-05-01T23:31:18-07:00,4,54
projects/projects.js,39,js,21cf56e9,Scotty-11,2026-05-01,23:31:18,-07:00,2026-05-01T23:31:18-07:00,4,3
projects/projects.js,40,js,21cf56e9,Scotty-11,2026-05-01,23:31:18,-07:00,2026-05-01T23:31:18-07:00,0,0
projects/projects.js,41,js,21cf56e9,Scotty-11,2026-05-01,23:31:18,-07:00,2026-05-01T23:31:18-07:00,0,0
projects/projects.js,42,js,21cf56e9,Scotty-11,2026-05-01,23:31:18,-07:00,2026-05-01T23:31:18-07:00,0,38
projects/projects.js,43,js,21cf56e9,Scotty-11,2026-05-01,23:31:18,-07:00,2026-05-01T23:31:18-07:00,2,42
projects/projects.js,44,js,21cf56e9,Scotty-11,2026-05-01,23:31:18,-07:00,2026-05-01T23:31:18-07:00,2,29
projects/projects.js,45,js,21cf56e9,Scotty-11,2026-05-01,23:31:18,-07:00,2026-05-01T23:31:18-07:00,0,0
projects/projects.js,46,js,21cf56e9,Scotty-11,2026-05-01,23:31:18,-07:00,2026-05-01T23:31:18-07:00,2,34
projects/projects.js,47,js,21cf56e9,Scotty-11,2026-05-01,23:31:18,-07:00,2026-05-01T23:31:18-07:00,2,30
projects/projects.js,48,js,21cf56e9,Scotty-11,2026-05-01,23:31:18,-07:00,2026-05-01T23:31:18-07:00,0,0
projects/projects.js,49,js,21cf56e9,Scotty-11,2026-05-01,23:31:18,-07:00,2026-05-01T23:31:18-07:00,2,28
projects/projects.js,50,js,21cf56e9,Scotty-11,2026-05-01,23:31:18,-07:00,2026-05-01T23:31:18-07:00,4,12
projects/projects.js,51,js,21cf56e9,Scotty-11,2026-05-01,23:31:18,-07:00,2026-05-01T23:31:18-07:00,4,14
projects/projects.js,52,js,21cf56e9,Scotty-11,2026-05-01,23:31:18,-07:00,2026-05-01T23:31:18-07:00,4,12
projects/projects.js,53,js,21cf56e9,Scotty-11,2026-05-01,23:31:18,-07:00,2026-05-01T23:31:18-07:00,2,0
projects/projects.js,54,js,21cf56e9,Scotty-11,2026-05-01,23:31:18,-07:00,2026-05-01T23:31:18-07:00,0,0
projects/projects.js,55,js,21cf56e9,Scotty-11,2026-05-01,23:31:18,-07:00,2026-05-01T23:31:18-07:00,2,48
projects/projects.js,56,js,21cf56e9,Scotty-11,2026-05-01,23:31:18,-07:00,2026-05-01T23:31:18-07:00,4,11
projects/projects.js,57,js,21cf56e9,Scotty-11,2026-05-01,23:31:18,-07:00,2026-05-01T23:31:18-07:00,4,10
projects/projects.js,58,js,21cf56e9,Scotty-11,2026-05-01,23:31:18,-07:00,2026-05-01T23:31:18-07:00,2,2
projects/projects.js,59,js,21cf56e9,Scotty-11,2026-05-01,23:31:18,-07:00,2026-05-01T23:31:18-07:00,0,0
projects/projects.js,60,js,21cf56e9,Scotty-11,2026-05-01,23:31:18,-07:00,2026-05-01T23:31:18-07:00,2,20
projects/projects.js,61,js,21cf56e9,Scotty-11,2026-05-01,23:31:18,-07:00,2026-05-01T23:31:18-07:00,0,0
projects/projects.js,62,js,21cf56e9,Scotty-11,2026-05-01,23:31:18,-07:00,2026-05-01T23:31:18-07:00,2,52
projects/projects.js,63,js,21cf56e9,Scotty-11,2026-05-01,23:31:18,-07:00,2026-05-01T23:31:18-07:00,2,42
projects/projects.js,64,js,21cf56e9,Scotty-11,2026-05-01,23:31:18,-07:00,2026-05-01T23:31:18-07:00,2,47
projects/projects.js,65,js,21cf56e9,Scotty-11,2026-05-01,23:31:18,-07:00,2026-05-01T23:31:18-07:00,0,0
projects/projects.js,66,js,21cf56e9,Scotty-11,2026-05-01,23:31:18,-07:00,2026-05-01T23:31:18-07:00,2,24
projects/projects.js,67,js,21cf56e9,Scotty-11,2026-05-01,23:31:18,-07:00,2026-05-01T23:31:18-07:00,4,1
projects/projects.js,68,js,21cf56e9,Scotty-11,2026-05-01,23:31:18,-07:00,2026-05-01T23:31:18-07:00,6,13
projects/projects.js,69,js,21cf56e9,Scotty-11,2026-05-01,23:31:18,-07:00,2026-05-01T23:31:18-07:00,6,13
projects/projects.js,70,js,21cf56e9,Scotty-11,2026-05-01,23:31:18,-07:00,2026-05-01T23:31:18-07:00,6,22
projects/projects.js,71,js,21cf56e9,Scotty-11,2026-05-01,23:31:18,-07:00,2026-05-01T23:31:18-07:00,6,51
projects/projects.js,72,js,21cf56e9,Scotty-11,2026-05-01,23:31:18,-07:00,2026-05-01T23:31:18-07:00,6,18
projects/projects.js,73,js,21cf56e9,Scotty-11,2026-05-01,23:31:18,-07:00,2026-05-01T23:31:18-07:00,8,12
projects/projects.js,74,js,21cf56e9,Scotty-11,2026-05-01,23:31:18,-07:00,2026-05-01T23:31:18-07:00,10,35
projects/projects.js,75,js,21cf56e9,Scotty-11,2026-05-01,23:31:18,-07:00,2026-05-01T23:31:18-07:00,12,4
projects/projects.js,76,js,21cf56e9,Scotty-11,2026-05-01,23:31:18,-07:00,2026-05-01T23:31:18-07:00,12,21
projects/projects.js,77,js,21cf56e9,Scotty-11,2026-05-01,23:31:18,-07:00,2026-05-01T23:31:18-07:00,8,20
projects/projects.js,78,js,21cf56e9,Scotty-11,2026-05-01,23:31:18,-07:00,2026-05-01T23:31:18-07:00,0,0
projects/projects.js,79,js,21cf56e9,Scotty-11,2026-05-01,23:31:18,-07:00,2026-05-01T23:31:18-07:00,8,45
projects/projects.js,80,js,21cf56e9,Scotty-11,2026-05-01,23:31:18,-07:00,2026-05-01T23:31:18-07:00,10,38
projects/projects.js,81,js,21cf56e9,Scotty-11,2026-05-01,23:31:18,-07:00,2026-05-01T23:31:18-07:00,8,0
projects/projects.js,82,js,21cf56e9,Scotty-11,2026-05-01,23:31:18,-07:00,2026-05-01T23:31:18-07:00,0,0
projects/projects.js,83,js,21cf56e9,Scotty-11,2026-05-01,23:31:18,-07:00,2026-05-01T23:31:18-07:00,8,48
projects/projects.js,84,js,21cf56e9,Scotty-11,2026-05-01,23:31:18,-07:00,2026-05-01T23:31:18-07:00,10,25
projects/projects.js,85,js,21cf56e9,Scotty-11,2026-05-01,23:31:18,-07:00,2026-05-01T23:31:18-07:00,10,55
projects/projects.js,86,js,21cf56e9,Scotty-11,2026-05-01,23:31:18,-07:00,2026-05-01T23:31:18-07:00,8,1
projects/projects.js,87,js,21cf56e9,Scotty-11,2026-05-01,23:31:18,-07:00,2026-05-01T23:31:18-07:00,0,0
projects/projects.js,88,js,21cf56e9,Scotty-11,2026-05-01,23:31:18,-07:00,2026-05-01T23:31:18-07:00,8,13
projects/projects.js,89,js,21cf56e9,Scotty-11,2026-05-01,23:31:18,-07:00,2026-05-01T23:31:18-07:00,6,1
projects/projects.js,90,js,21cf56e9,Scotty-11,2026-05-01,23:31:18,-07:00,2026-05-01T23:31:18-07:00,2,1
projects/projects.js,91,js,21cf56e9,Scotty-11,2026-05-01,23:31:18,-07:00,2026-05-01T23:31:18-07:00,0,0
projects/projects.js,92,js,21cf56e9,Scotty-11,2026-05-01,23:31:18,-07:00,2026-05-01T23:31:18-07:00,2,31
projects/projects.js,93,js,21cf56e9,Scotty-11,2026-05-01,23:31:18,-07:00,2026-05-01T23:31:18-07:00,4,4
projects/projects.js,94,js,21cf56e9,Scotty-11,2026-05-01,23:31:18,-07:00,2026-05-01T23:31:18-07:00,6,11
projects/projects.js,95,js,21cf56e9,Scotty-11,2026-05-01,23:31:18,-07:00,2026-05-01T23:31:18-07:00,6,38
projects/projects.js,96,js,21cf56e9,Scotty-11,2026-05-01,23:31:18,-07:00,2026-05-01T23:31:18-07:00,6,70
projects/projects.js,97,js,21cf56e9,Scotty-11,2026-05-01,23:31:18,-07:00,2026-05-01T23:31:18-07:00,6,4
projects/projects.js,98,js,21cf56e9,Scotty-11,2026-05-01,23:31:18,-07:00,2026-05-01T23:31:18-07:00,8,62
projects/projects.js,99,js,21cf56e9,Scotty-11,2026-05-01,23:31:18,-07:00,2026-05-01T23:31:18-07:00,6,0
projects/projects.js,100,js,21cf56e9,Scotty-11,2026-05-01,23:31:18,-07:00,2026-05-01T23:31:18-07:00,2,1
projects/projects.js,101,js,21cf56e9,Scotty-11,2026-05-01,23:31:18,-07:00,2026-05-01T23:31:18-07:00,0,0
projects/projects.js,102,js,21cf56e9,Scotty-11,2026-05-01,23:31:18,-07:00,2026-05-01T23:31:18-07:00,0,0
projects/projects.js,103,js,21cf56e9,Scotty-11,2026-05-01,23:31:18,-07:00,2026-05-01T23:31:18-07:00,0,48
projects/projects.js,104,js,21cf56e9,Scotty-11,2026-05-01,23:31:18,-07:00,2026-05-01T23:31:18-07:00,0,23
projects/projects.js,105,js,21cf56e9,Scotty-11,2026-05-01,23:31:18,-07:00,2026-05-01T23:31:18-07:00,0,0
projects/projects.js,106,js,21cf56e9,Scotty-11,2026-05-01,23:31:18,-07:00,2026-05-01T23:31:18-07:00,0,55
projects/projects.js,107,js,21cf56e9,Scotty-11,2026-05-01,23:31:18,-07:00,2026-05-01T23:31:18-07:00,0,0
projects/projects.js,108,js,21cf56e9,Scotty-11,2026-05-01,23:31:18,-07:00,2026-05-01T23:31:18-07:00,0,48
projects/projects.js,109,js,21cf56e9,Scotty-11,2026-05-01,23:31:18,-07:00,2026-05-01T23:31:18-07:00,2,25
projects/projects.js,110,js,21cf56e9,Scotty-11,2026-05-01,23:31:18,-07:00,2026-05-01T23:31:18-07:00,2,42
projects/projects.js,111,js,21cf56e9,Scotty-11,2026-05-01,23:31:18,-07:00,2026-05-01T23:31:18-07:00,2,31
projects/projects.js,112,js,21cf56e9,Scotty-11,2026-05-01,23:31:18,-07:00,2026-05-01T23:31:18-07:00,2,13
projects/projects.js,113,js,21cf56e9,Scotty-11,2026-05-01,23:31:18,-07:00,2026-05-01T23:31:18-07:00,0,1
projects/index.html,1,html,bddfb8ce,Scotty-11,2026-04-03,16:39:36,-07:00,2026-04-03T16:39:36-07:00,0,13
projects/index.html,2,html,bddfb8ce,Scotty-11,2026-04-03,16:39:36,-07:00,2026-04-03T16:39:36-07:00,0,14
projects/index.html,3,html,bddfb8ce,Scotty-11,2026-04-03,16:39:36,-07:00,2026-04-03T16:39:36-07:00,0,4
projects/index.html,4,html,bddfb8ce,Scotty-11,2026-04-03,16:39:36,-07:00,2026-04-03T16:39:36-07:00,2,20
projects/index.html,5,html,bddfb8ce,Scotty-11,2026-04-03,16:39:36,-07:00,2026-04-03T16:39:36-07:00,2,68
projects/index.html,6,html,bddfb8ce,Scotty-11,2026-04-03,16:39:36,-07:00,2026-04-03T16:39:36-07:00,2,21
projects/index.html,7,html,3906f382,Scotty-11,2026-04-03,16:56:22,-07:00,2026-04-03T16:56:22-07:00,2,41
projects/index.html,8,html,70f0b48a,Scotty-11,2026-04-17,23:36:29,-07:00,2026-04-17T23:36:29-07:00,2,48
projects/index.html,9,html,bddfb8ce,Scotty-11,2026-04-03,16:39:36,-07:00,2026-04-03T16:39:36-07:00,0,5
projects/index.html,10,html,bddfb8ce,Scotty-11,2026-04-03,16:39:36,-07:00,2026-04-03T16:39:36-07:00,0,4
projects/index.html,11,html,bddfb8ce,Scotty-11,2026-04-03,16:39:36,-07:00,2026-04-03T16:39:36-07:00,0,0
projects/index.html,12,html,24a20b4a,Scotty-11,2026-04-24,23:36:26,-07:00,2026-04-24T23:36:26-07:00,2,38
projects/index.html,13,html,bddfb8ce,Scotty-11,2026-04-03,16:39:36,-07:00,2026-04-03T16:39:36-07:00,0,0
projects/index.html,14,html,21cf56e9,Scotty-11,2026-05-01,23:31:18,-07:00,2026-05-01T23:31:18-07:00,2,27
projects/index.html,15,html,21cf56e9,Scotty-11,2026-05-01,23:31:18,-07:00,2026-05-01T23:31:18-07:00,4,58
projects/index.html,16,html,21cf56e9,Scotty-11,2026-05-01,23:31:18,-07:00,2026-05-01T23:31:18-07:00,4,22
projects/index.html,17,html,21cf56e9,Scotty-11,2026-05-01,23:31:18,-07:00,2026-05-01T23:31:18-07:00,2,4
projects/index.html,18,html,21cf56e9,Scotty-11,2026-05-01,23:31:18,-07:00,2026-05-01T23:31:18-07:00,0,0
projects/index.html,19,html,21cf56e9,Scotty-11,2026-05-01,23:31:18,-07:00,2026-05-01T23:31:18-07:00,2,4
projects/index.html,20,html,21cf56e9,Scotty-11,2026-05-01,23:31:18,-07:00,2026-05-01T23:31:18-07:00,4,15
projects/index.html,21,html,21cf56e9,Scotty-11,2026-05-01,23:31:18,-07:00,2026-05-01T23:31:18-07:00,4,11
projects/index.html,22,html,21cf56e9,Scotty-11,2026-05-01,23:31:18,-07:00,2026-05-01T23:31:18-07:00,4,26
projects/index.html,23,html,21cf56e9,Scotty-11,2026-05-01,23:31:18,-07:00,2026-05-01T23:31:18-07:00,4,31
projects/index.html,24,html,21cf56e9,Scotty-11,2026-05-01,23:31:18,-07:00,2026-05-01T23:31:18-07:00,2,0
projects/index.html,25,html,21cf56e9,Scotty-11,2026-05-01,23:31:18,-07:00,2026-05-01T23:31:18-07:00,0,0
projects/index.html,26,html,24a20b4a,Scotty-11,2026-04-24,23:36:26,-07:00,2026-04-24T23:36:26-07:00,2,26
projects/index.html,27,html,24a20b4a,Scotty-11,2026-04-24,23:36:26,-07:00,2026-04-24T23:36:26-07:00,0,0
projects/index.html,28,html,24a20b4a,Scotty-11,2026-04-24,23:36:26,-07:00,2026-04-24T23:36:26-07:00,2,25
projects/index.html,29,html,3d5b84fa,Scotty-11,2026-04-11,23:34:22,-07:00,2026-04-11T23:34:22-07:00,4,7
projects/index.html,30,html,3d5b84fa,Scotty-11,2026-04-11,23:34:22,-07:00,2026-04-11T23:34:22-07:00,6,35
projects/index.html,31,html,3d5b84fa,Scotty-11,2026-04-11,23:34:22,-07:00,2026-04-11T23:34:22-07:00,6,83
projects/index.html,32,html,3d5b84fa,Scotty-11,2026-04-11,23:34:22,-07:00,2026-04-11T23:34:22-07:00,6,132
projects/index.html,33,html,3d5b84fa,Scotty-11,2026-04-11,23:34:22,-07:00,2026-04-11T23:34:22-07:00,4,8
projects/index.html,34,html,3d5b84fa,Scotty-11,2026-04-11,23:34:22,-07:00,2026-04-11T23:34:22-07:00,4,7
projects/index.html,35,html,3d5b84fa,Scotty-11,2026-04-11,23:34:22,-07:00,2026-04-11T23:34:22-07:00,6,34
projects/index.html,36,html,3d5b84fa,Scotty-11,2026-04-11,23:34:22,-07:00,2026-04-11T23:34:22-07:00,6,83
projects/index.html,37,html,3d5b84fa,Scotty-11,2026-04-11,23:34:22,-07:00,2026-04-11T23:34:22-07:00,6,121
projects/index.html,38,html,3d5b84fa,Scotty-11,2026-04-11,23:34:22,-07:00,2026-04-11T23:34:22-07:00,4,8
projects/index.html,39,html,3d5b84fa,Scotty-11,2026-04-11,23:34:22,-07:00,2026-04-11T23:34:22-07:00,4,7
projects/index.html,40,html,3d5b84fa,Scotty-11,2026-04-11,23:34:22,-07:00,2026-04-11T23:34:22-07:00,6,28
projects/index.html,41,html,3d5b84fa,Scotty-11,2026-04-11,23:34:22,-07:00,2026-04-11T23:34:22-07:00,6,83
projects/index.html,42,html,3d5b84fa,Scotty-11,2026-04-11,23:34:22,-07:00,2026-04-11T23:34:22-07:00,6,129
projects/index.html,43,html,3d5b84fa,Scotty-11,2026-04-11,23:34:22,-07:00,2026-04-11T23:34:22-07:00,4,8
projects/index.html,44,html,3d5b84fa,Scotty-11,2026-04-11,23:34:22,-07:00,2026-04-11T23:34:22-07:00,4,7
projects/index.html,45,html,3d5b84fa,Scotty-11,2026-04-11,23:34:22,-07:00,2026-04-11T23:34:22-07:00,6,28
projects/index.html,46,html,3d5b84fa,Scotty-11,2026-04-11,23:34:22,-07:00,2026-04-11T23:34:22-07:00,6,83
projects/index.html,47,html,3d5b84fa,Scotty-11,2026-04-11,23:34:22,-07:00,2026-04-11T23:34:22-07:00,6,122
projects/index.html,48,html,3d5b84fa,Scotty-11,2026-04-11,23:34:22,-07:00,2026-04-11T23:34:22-07:00,4,8
projects/index.html,49,html,3d5b84fa,Scotty-11,2026-04-11,23:34:22,-07:00,2026-04-11T23:34:22-07:00,4,7
projects/index.html,50,html,3d5b84fa,Scotty-11,2026-04-11,23:34:22,-07:00,2026-04-11T23:34:22-07:00,6,34
projects/index.html,51,html,3d5b84fa,Scotty-11,2026-04-11,23:34:22,-07:00,2026-04-11T23:34:22-07:00,6,83
projects/index.html,52,html,3d5b84fa,Scotty-11,2026-04-11,23:34:22,-07:00,2026-04-11T23:34:22-07:00,6,149
projects/index.html,53,html,3d5b84fa,Scotty-11,2026-04-11,23:34:22,-07:00,2026-04-11T23:34:22-07:00,4,8
projects/index.html,54,html,3d5b84fa,Scotty-11,2026-04-11,23:34:22,-07:00,2026-04-11T23:34:22-07:00,4,7
projects/index.html,55,html,3d5b84fa,Scotty-11,2026-04-11,23:34:22,-07:00,2026-04-11T23:34:22-07:00,6,30
projects/index.html,56,html,3d5b84fa,Scotty-11,2026-04-11,23:34:22,-07:00,2026-04-11T23:34:22-07:00,6,83
projects/index.html,57,html,3d5b84fa,Scotty-11,2026-04-11,23:34:22,-07:00,2026-04-11T23:34:22-07:00,6,128
projects/index.html,58,html,3d5b84fa,Scotty-11,2026-04-11,23:34:22,-07:00,2026-04-11T23:34:22-07:00,4,8
projects/index.html,59,html,3d5b84fa,Scotty-11,2026-04-11,23:34:22,-07:00,2026-04-11T23:34:22-07:00,4,7
projects/index.html,60,html,3d5b84fa,Scotty-11,2026-04-11,23:34:22,-07:00,2026-04-11T23:34:22-07:00,6,30
projects/index.html,61,html,3d5b84fa,Scotty-11,2026-04-11,23:34:22,-07:00,2026-04-11T23:34:22-07:00,6,83
projects/index.html,62,html,3d5b84fa,Scotty-11,2026-04-11,23:34:22,-07:00,2026-04-11T23:34:22-07:00,6,106
projects/index.html,63,html,3d5b84fa,Scotty-11,2026-04-11,23:34:22,-07:00,2026-04-11T23:34:22-07:00,4,8
projects/index.html,64,html,3d5b84fa,Scotty-11,2026-04-11,23:34:22,-07:00,2026-04-11T23:34:22-07:00,4,7
projects/index.html,65,html,3d5b84fa,Scotty-11,2026-04-11,23:34:22,-07:00,2026-04-11T23:34:22-07:00,6,28
projects/index.html,66,html,3d5b84fa,Scotty-11,2026-04-11,23:34:22,-07:00,2026-04-11T23:34:22-07:00,6,83
projects/index.html,67,html,3d5b84fa,Scotty-11,2026-04-11,23:34:22,-07:00,2026-04-11T23:34:22-07:00,6,122
projects/index.html,68,html,3d5b84fa,Scotty-11,2026-04-11,23:34:22,-07:00,2026-04-11T23:34:22-07:00,4,8
projects/index.html,69,html,3d5b84fa,Scotty-11,2026-04-11,23:34:22,-07:00,2026-04-11T23:34:22-07:00,4,7
projects/index.html,70,html,3d5b84fa,Scotty-11,2026-04-11,23:34:22,-07:00,2026-04-11T23:34:22-07:00,6,28
projects/index.html,71,html,3d5b84fa,Scotty-11,2026-04-11,23:34:22,-07:00,2026-04-11T23:34:22-07:00,6,83
projects/index.html,72,html,3d5b84fa,Scotty-11,2026-04-11,23:34:22,-07:00,2026-04-11T23:34:22-07:00,6,130
projects/index.html,73,html,3d5b84fa,Scotty-11,2026-04-11,23:34:22,-07:00,2026-04-11T23:34:22-07:00,4,8
projects/index.html,74,html,3d5b84fa,Scotty-11,2026-04-11,23:34:22,-07:00,2026-04-11T23:34:22-07:00,4,7
projects/index.html,75,html,3d5b84fa,Scotty-11,2026-04-11,23:34:22,-07:00,2026-04-11T23:34:22-07:00,6,34
projects/index.html,76,html,3d5b84fa,Scotty-11,2026-04-11,23:34:22,-07:00,2026-04-11T23:34:22-07:00,6,83
projects/index.html,77,html,3d5b84fa,Scotty-11,2026-04-11,23:34:22,-07:00,2026-04-11T23:34:22-07:00,6,139
projects/index.html,78,html,3d5b84fa,Scotty-11,2026-04-11,23:34:22,-07:00,2026-04-11T23:34:22-07:00,4,8
projects/index.html,79,html,3d5b84fa,Scotty-11,2026-04-11,23:34:22,-07:00,2026-04-11T23:34:22-07:00,4,7
projects/index.html,80,html,3d5b84fa,Scotty-11,2026-04-11,23:34:22,-07:00,2026-04-11T23:34:22-07:00,6,29
projects/index.html,81,html,3d5b84fa,Scotty-11,2026-04-11,23:34:22,-07:00,2026-04-11T23:34:22-07:00,6,83
projects/index.html,82,html,3d5b84fa,Scotty-11,2026-04-11,23:34:22,-07:00,2026-04-11T23:34:22-07:00,6,128
projects/index.html,83,html,3d5b84fa,Scotty-11,2026-04-11,23:34:22,-07:00,2026-04-11T23:34:22-07:00,4,8
projects/index.html,84,html,3d5b84fa,Scotty-11,2026-04-11,23:34:22,-07:00,2026-04-11T23:34:22-07:00,4,7
projects/index.html,85,html,3d5b84fa,Scotty-11,2026-04-11,23:34:22,-07:00,2026-04-11T23:34:22-07:00,6,28
projects/index.html,86,html,3d5b84fa,Scotty-11,2026-04-11,23:34:22,-07:00,2026-04-11T23:34:22-07:00,6,83
projects/index.html,87,html,3d5b84fa,Scotty-11,2026-04-11,23:34:22,-07:00,2026-04-11T23:34:22-07:00,6,129
projects/index.html,88,html,3d5b84fa,Scotty-11,2026-04-11,23:34:22,-07:00,2026-04-11T23:34:22-07:00,4,8
projects/index.html,89,html,24a20b4a,Scotty-11,2026-04-24,23:36:26,-07:00,2026-04-24T23:36:26-07:00,2,8
projects/index.html,90,html,24a20b4a,Scotty-11,2026-04-24,23:36:26,-07:00,2026-04-24T23:36:26-07:00,0,0
projects/index.html,91,html,24a20b4a,Scotty-11,2026-04-24,23:36:26,-07:00,2026-04-24T23:36:26-07:00,2,48
projects/index.html,92,html,24a20b4a,Scotty-11,2026-04-24,23:36:26,-07:00,2026-04-24T23:36:26-07:00,2,47
projects/index.html,93,html,bddfb8ce,Scotty-11,2026-04-03,16:39:36,-07:00,2026-04-03T16:39:36-07:00,0,0
projects/index.html,94,html,bddfb8ce,Scotty-11,2026-04-03,16:39:36,-07:00,2026-04-03T16:39:36-07:00,0,5
projects/index.html,95,html,bddfb8ce,Scotty-11,2026-04-03,16:39:36,-07:00,2026-04-03T16:39:36-07:00,0,5
contact/index.html,1,html,bddfb8ce,Scotty-11,2026-04-03,16:39:36,-07:00,2026-04-03T16:39:36-07:00,0,13
contact/index.html,2,html,bddfb8ce,Scotty-11,2026-04-03,16:39:36,-07:00,2026-04-03T16:39:36-07:00,0,14
contact/index.html,3,html,bddfb8ce,Scotty-11,2026-04-03,16:39:36,-07:00,2026-04-03T16:39:36-07:00,0,4
contact/index.html,4,html,bddfb8ce,Scotty-11,2026-04-03,16:39:36,-07:00,2026-04-03T16:39:36-07:00,2,20
contact/index.html,5,html,bddfb8ce,Scotty-11,2026-04-03,16:39:36,-07:00,2026-04-03T16:39:36-07:00,2,68
contact/index.html,6,html,bddfb8ce,Scotty-11,2026-04-03,16:39:36,-07:00,2026-04-03T16:39:36-07:00,2,20
contact/index.html,7,html,3906f382,Scotty-11,2026-04-03,16:56:22,-07:00,2026-04-03T16:56:22-07:00,2,41
contact/index.html,8,html,70f0b48a,Scotty-11,2026-04-17,23:36:29,-07:00,2026-04-17T23:36:29-07:00,2,48
contact/index.html,9,html,bddfb8ce,Scotty-11,2026-04-03,16:39:36,-07:00,2026-04-03T16:39:36-07:00,0,5
contact/index.html,10,html,bddfb8ce,Scotty-11,2026-04-03,16:39:36,-07:00,2026-04-03T16:39:36-07:00,0,4
contact/index.html,11,html,bddfb8ce,Scotty-11,2026-04-03,16:39:36,-07:00,2026-04-03T16:39:36-07:00,0,0
contact/index.html,12,html,bddfb8ce,Scotty-11,2026-04-03,16:39:36,-07:00,2026-04-03T16:39:36-07:00,2,14
contact/index.html,13,html,bddfb8ce,Scotty-11,2026-04-03,16:39:36,-07:00,2026-04-03T16:39:36-07:00,0,0
contact/index.html,14,html,70f0b48a,Scotty-11,2026-04-17,23:36:29,-07:00,2026-04-17T23:36:29-07:00,2,49
contact/index.html,15,html,3d5b84fa,Scotty-11,2026-04-11,23:34:22,-07:00,2026-04-11T23:34:22-07:00,4,57
contact/index.html,16,html,70f0b48a,Scotty-11,2026-04-17,23:36:29,-07:00,2026-04-17T23:36:29-07:00,4,68
contact/index.html,17,html,bddfb8ce,Scotty-11,2026-04-03,16:39:36,-07:00,2026-04-03T16:39:36-07:00,4,21
contact/index.html,18,html,bddfb8ce,Scotty-11,2026-04-03,16:39:36,-07:00,2026-04-03T16:39:36-07:00,2,5
contact/index.html,19,html,bddfb8ce,Scotty-11,2026-04-03,16:39:36,-07:00,2026-04-03T16:39:36-07:00,0,0
contact/index.html,20,html,bddfb8ce,Scotty-11,2026-04-03,16:39:36,-07:00,2026-04-03T16:39:36-07:00,0,5
contact/index.html,21,html,bddfb8ce,Scotty-11,2026-04-03,16:39:36,-07:00,2026-04-03T16:39:36-07:00,0,5
